"site","transect","plot","recruit_aspen_density","recruit_birch_density","recruit_pine_density","recruit_larch_density","standing_dead_density","dead_larch_density","dead_tree_density","live_larch_density","live_tree_density","recruit_density","soil_gCm2","SOL_depth","trees_gCm2","snags_gCm2","aspen_trees_gCm2","aspen_snags_gCm2","birch_trees_gCm2","birch_snags_gCm2","pine_trees_gCm2","pine_snags_gCm2","larch_trees_gCm2","larch_snags_gCm2","crown_severity","latitude","longitude","shrub_gCm2","dnbr","FWD_gCm2","CWD_gCm2","region","burn_year","up_flood","slope","aspect","char_percent","elevation","basal_area_ha","AGB_gCm2","treatment","trees_raw","mean_trees","mean_snags"
"Alnus",1,"-25",0,0,0,42972,255,255,255,16552,16552,42972,2014.18465841184,7,961.297214176892,531.66887570738,NA,NA,NA,NA,NA,NA,NA,NA,NA,68.1088166253242,161.33598311213,151.12420078371,NA,247.1636,433.262955281511,"Cherskiy",1984,"Floodplain",0,"flat",0,NA,8.8040589999714,2324.51684594949,"unburned",NA,NA,NA
"Alnus",1,"-50",0,0,0,796,0,0,0,509,509,796,1692.92750449301,8,1166.18319870976,0,NA,NA,NA,NA,NA,NA,NA,NA,NA,68.108849702969,161.335483737463,572.296933069014,NA,674.638,0,"Cherskiy",1984,"Floodplain",0,"flat",0,NA,10.5320249999658,2413.11813177877,"unburned",NA,NA,NA
"Alnus",1,"100",0,0,0,3979,1989,2785,2785,2188,2188,3979,NA,NA,277.262428186395,1757.89404836285,NA,NA,NA,NA,NA,NA,NA,NA,1.68,68.1089413570341,161.338460318981,118.396594860111,NA,463.92196,2389.95234801831,"Cherskiy",1984,"Floodplain",0,"flat",0,NA,2.54952499986999,5007.42737942767,"burned",NA,NA,NA
"Alnus",1,"150",0,0,0,35014,995,1790,1790,15319,15319,35014,1008.29396263545,7.5,689.774422311213,2829.55046937466,NA,NA,NA,NA,NA,NA,NA,NA,0.313953488372093,68.1089867744487,161.339630882297,611.410667737102,NA,614.96492,2083.19462270674,"Cherskiy",1984,"Floodplain",0,"flat",0,NA,6.28653906217941,6828.89510212972,"burned",NA,NA,NA
"Alnus",1,"200",0,0,0,15120,1194,1790,1790,4775,4775,15120,2277.01949225359,7,956.983637819927,1839.55394918025,NA,NA,NA,NA,NA,NA,NA,NA,0.757575757575758,68.1090514543606,161.340760346095,90.5999134182518,NA,359.34696,1029.82148573519,"Cherskiy",1984,"Floodplain",0,"flat",0,NA,8.79538437455147,4276.30594615362,"burned",NA,NA,NA
"Alnus",1,"25",0,0,0,41380,0,0,0,8403,8403,41380,366.614634712022,6.8,400.534833870762,0,NA,NA,NA,NA,NA,NA,NA,NA,0,68.1088009116271,161.336732268923,617.69620441906,NA,339.5656,981.304616327575,"Cherskiy",1984,"Floodplain",0,"flat",0,NA,3.66094799998811,2339.1012546174,"burned",NA,NA,NA
"Alnus",1,"50",0,0,0,46951,398,1989,1989,13130,13130,46951,938.789047497415,9,368.92854140765,1416.24594699958,NA,NA,NA,NA,NA,NA,NA,NA,0.394736842105263,68.1088570898927,161.337292590331,56.4705433435928,NA,219.64228,1580.1480059889,"Cherskiy",1984,"Floodplain",0,"flat",0,NA,3.34376874982948,3641.43531773972,"burned",NA,NA,NA
"Alnus",1,"75",0,0,0,51725,1393,1790,1790,11937,11937,51725,1639.80627540147,6.5,457.361263735132,2807.88901449342,NA,NA,NA,NA,NA,NA,NA,NA,0.333333333333333,68.1089097568922,161.33783878599,87.8917577801659,NA,185.63496,752.685536346794,"Cherskiy",1984,"Floodplain",0,"flat",0,NA,4.17229062478723,4291.46253235551,"burned",NA,NA,NA
"ANS",1,"-25a",0,0,0,0,255,255,255,6621,6621,0,5827.14149449504,12,1946.04045833938,56.0109162630896,NA,NA,NA,NA,NA,NA,NA,NA,NA,67.860250089366,161.684300663363,35.8077202465093,NA,613.79368,110.569194513621,"Cherskiy",2003,"Floodplain",0,"flat",0,NA,17.6077429999428,2762.2219693626,"unburned",NA,NA,NA
"ANS",1,"-25b",0,0,0,0,382,382,382,2165,2165,0,2189.68870250736,10,2915.43840776447,269.900843871204,NA,NA,NA,NA,NA,NA,NA,NA,NA,67.8603133654787,161.68377830587,30.9310721906972,NA,627.8542,160.269484826562,"Cherskiy",2003,"Floodplain",0,"flat",0,NA,26.3970579999142,4004.39400865293,"unburned",NA,NA,NA
"ANS",1,"100",0,0,0,0,127,1401,1401,0,0,0,3128.68369565217,10,0,1.67421541129385,NA,NA,NA,NA,NA,NA,NA,NA,3,67.8613379888952,161.683568188068,125.86026245807,57.645382,592.70572,744.065643029785,"Cherskiy",2003,"Floodplain",0,"flat",0,NA,0,1464.30584089915,"burned",NA,NA,NA
"ANS",1,"150",0,0,0,0,2165,4584,4584,0,0,0,3675.18542619073,7,0,47.2464811947082,NA,NA,NA,NA,NA,NA,NA,NA,2.22222222222222,67.8618315101105,161.683614473729,286.859560690794,171.49326,133.49692,0,"Cherskiy",2003,"Floodplain",0,"flat",0,NA,0,467.602961885502,"burned",NA,NA,NA
"ANS",1,"25",0,0,0,0,509,1401,1401,1528,1528,0,2013.81533414668,8,1424.88888405919,518.919020728715,NA,NA,NA,NA,NA,NA,NA,NA,1.21739130434783,67.8606309800925,161.683400161129,0.419365670274898,NA,417.40512,0,"Cherskiy",2003,"Floodplain",0,"flat",0,NA,12.9835699999578,2361.63239045818,"burned",NA,NA,NA
"ANS",1,"250",0,0,0,0,382,1910,1910,0,0,0,6112.36144976014,10,0,8.63476093900242,NA,NA,NA,NA,NA,NA,NA,NA,2.86666666666667,67.863037161744,161.683970187209,4.60250755088225,210.37607,634.25936,171.302113651705,"Cherskiy",2003,"Floodplain",0,"flat",0,NA,0,818.79874214159,"burned",NA,NA,NA
"ANS",1,"50",0,0,0,7958,382,1910,1910,127,127,7958,2789.05118347652,5,241.099685755373,410.713647647034,NA,NA,NA,NA,NA,NA,NA,NA,2.5,67.8608548222285,161.683459557915,32.3867069081443,NA,191.68856,604.601256121504,"Cherskiy",2003,"Floodplain",0,"flat",0,NA,2.19039999999288,1480.48985643206,"burned",NA,NA,NA
"ANS",1,"75",0,0,0,6366,509,2037,2037,255,255,6366,2362.9967384172,5,85.7039325461688,752.917773744798,NA,NA,NA,NA,NA,NA,NA,NA,2.22222222222222,67.8611009718741,161.683486507491,37.2589679581104,NA,601.42328,192.208222757944,"Cherskiy",2003,"Floodplain",0,"flat",0,NA,0.789488999997435,1669.51217700702,"burned",NA,NA,NA
"ANS",2,"-25",0,0,0,0,1273,1273,1273,2546,2546,0,1864.2908953985,6.5,963.352799510009,142.506916868201,NA,NA,NA,NA,NA,NA,NA,NA,NA,67.8119188841142,161.898233112293,8.57779192708467,NA,166.18072,0,"Cherskiy",2003,"Floodplain",0,"flat",0,NA,8.86774399997119,1280.61822830529,"unburned",NA,NA,NA
"ANS",2,"-50",0,0,0,0,1273,1273,1273,4966,4966,0,2956.71680950611,9.5,1097.1120695452,178.127977102064,NA,NA,NA,NA,NA,NA,NA,NA,NA,67.8118185056585,161.898081582426,186.600162471685,NA,276.4352,0,"Cherskiy",2003,"Floodplain",0,"flat",0,NA,10.0907639999672,1738.27540911895,"unburned",NA,NA,NA
"ANS",2,"100",0,0,0,0,1019,1019,1019,0,0,0,2948.01992039581,9,0,82.021872246261,NA,NA,NA,NA,NA,NA,NA,NA,1.5,67.812680620585,161.899969495526,208.064121540811,186.90794,27.20172,0,"Cherskiy",2003,"Floodplain",0,"flat",0,NA,0,317.287713787072,"burned",NA,NA,NA
"ANS",2,"150",0,0,0,0,382,637,637,0,0,0,NA,NA,0,19.7321830083768,NA,NA,NA,NA,NA,NA,NA,NA,1.8,67.8130230186678,161.900600455957,466.199437875532,200.14253,28.52524,0,"Cherskiy",2003,"Floodplain",0,"flat",0,NA,0,514.456860883909,"burned",NA,NA,NA
"ANS",2,"200",0,0,0,0,1146,4202,4202,0,0,0,3365.24899427014,10,0,93.1997721744522,NA,NA,NA,NA,NA,NA,NA,NA,2.57575757575758,67.8133269513926,161.90139288264,36.397060431453,417.1936,230.42784,0,"Cherskiy",2003,"Floodplain",0,"flat",0,NA,0,360.024672605905,"burned",NA,NA,NA
"ANS",2,"25",0,0,0,2387,764,1019,1019,0,0,2387,NA,NA,0,343.024665318335,NA,NA,NA,NA,NA,NA,NA,NA,1,67.8121669402816,161.89899851347,147.594234190832,163.27605,56.21576,0,"Cherskiy",2003,"Floodplain",0,"flat",0,NA,0,546.834659509167,"burned",NA,NA,NA
"ANS",2,"50",0,0,0,0,382,764,764,0,0,0,3511.17625885746,11,0,185.371837437459,NA,NA,NA,NA,NA,NA,NA,NA,1,67.8123307127033,161.899343503287,610.616103043161,86.03892,68.8926,0,"Cherskiy",2003,"Floodplain",0,"flat",0,NA,0,864.88054048062,"burned",NA,NA,NA
"ANS",2,"75",0,0,0,0,255,382,382,127,127,0,2614.08006738821,10,78.7458356392172,45.9794610499877,NA,NA,NA,NA,NA,NA,NA,NA,1,67.8125117648887,161.89965401531,483.813758316342,86.03892,113.92048,74.7398702598227,"Cherskiy",2003,"Floodplain",0,"flat",0,NA,0.724200999997647,797.19940526537,"burned",NA,NA,NA
"ANS",3,"-25a",0,0,0,11937,3438,3438,3438,1783,1783,11937,NA,8,1685.87188568143,1960.4001339979,NA,NA,NA,NA,NA,NA,NA,NA,NA,67.8140731141055,161.771425966412,23.6015343668993,NA,541.62236,1253.78109427176,"Cherskiy",2003,"Floodplain",0,"flat",0,NA,15.39593399995,5465.27700831799,"unburned",NA,NA,NA
"ANS",3,"-25b",0,0,0,6366,637,637,637,1783,2037,6366,2730.12872588493,11,3825.90970793331,1018.68061043274,NA,NA,NA,NA,NA,NA,NA,NA,NA,67.8138696733756,161.771471727809,16.2335723647591,NA,543.59072,303.905767653392,"Cherskiy",2003,"Floodplain",0,"flat",0,NA,34.5680589998877,5708.3203783842,"unburned",NA,NA,NA
"ANS",3,"100",0,0,0,11141,1019,1146,1146,764,764,11141,2564.03401472844,10,105.530450467017,46.0472348370109,NA,NA,NA,NA,NA,NA,NA,NA,0.6,67.8145556198352,161.7739045757,21.1766505483696,162.38847,107.207,27.9547464624807,"Cherskiy",2003,"Floodplain",NA,NA,NA,NA,0.973065999996838,307.916082314878,"burned",NA,NA,NA
"ANS",3,"150",0,0,0,3979,1783,2037,2037,255,255,3979,2725.45445522851,7,214.53130208754,398.04765194442,NA,NA,NA,NA,NA,NA,NA,NA,1.33333333333333,67.8147457676711,161.775108750748,54.9829582736117,240.11618,148.26056,52.4159950227903,"Cherskiy",2003,"Floodplain",0,"flat",0,NA,1.95198099999366,868.238467328362,"burned",NA,NA,NA
"ANS",3,"200",0,0,0,0,2165,3056,3056,0,0,0,3203.89589673951,11,0,380.360407385216,NA,NA,NA,NA,NA,NA,NA,NA,1.875,67.8150123854002,161.776159667153,54.4982039665609,265.46826,192.82596,271.469144074493,"Cherskiy",2003,"Floodplain",0,"flat",0,NA,0,899.15371542627,"burned",NA,NA,NA
"ANS",3,"25",0,0,0,19894,1655,2292,2292,255,255,19894,4519.76392180095,10,20.5578977229867,423.52742475756,NA,NA,NA,NA,NA,NA,NA,NA,1.85,67.8143406682442,161.772273465863,22.5215159887673,NA,102.96572,0,"Cherskiy",2003,"Floodplain",0,"flat",0,NA,0.188899999999386,569.572558469314,"burned",NA,NA,NA
"ANS",3,"50",0,0,0,0,2674,3947,3947,127,127,0,1895.95579681069,7,159.772989018478,511.568151995627,NA,NA,NA,NA,NA,NA,NA,NA,1.78125,67.8144316095433,161.772853659295,37.1338913757294,NA,70.5658,0,"Cherskiy",2003,"Floodplain",0,"flat",0,NA,1.45926399999526,779.040832389834,"burned",NA,NA,NA
"ANS",3,"75",0,0,0,0,3310,4074,4074,0,0,0,NA,NA,0,729.896953804352,NA,NA,NA,NA,NA,NA,NA,NA,1.40625,67.8145018821228,161.77334627636,24.9894130046933,NA,131.07548,155.998475533949,"Cherskiy",2003,"Floodplain",0,"flat",0,NA,0,1041.96032234299,"burned",NA,NA,NA
"BP",1,"-25a",0,0,0,0,1655,1655,1655,1273,1273,0,2189.70735068533,12,883.13446694463,1000.27334719236,NA,NA,NA,NA,NA,NA,NA,NA,NA,68.3218631865607,160.647480874151,29.6174514348443,NA,226.45916,213.106712776325,"Cherskiy",1983,"Upland",11,"5",0,NA,8.09064199997371,2352.59113834816,"unburned",NA,NA,NA
"BP",1,"-25b",0,0,0,0,509,509,509,3310,3310,0,2737.29104615792,16,1710.02002170764,117.21136699947,NA,NA,NA,NA,NA,NA,NA,NA,NA,68.321859058586,160.647989569847,17.1863176399664,NA,405.89388,137.698543270572,"Cherskiy",1983,"Upland",11,"350",0,NA,15.6111849999493,2388.01012961765,"unburned",NA,NA,NA
"BP",1,"100",0,0,0,0,255,637,637,0,0,0,2623.22370414679,10,0,932.838394603768,NA,NA,NA,NA,NA,NA,NA,NA,2.4,68.3209016908145,160.645027537864,113.840204875703,NA,84.75416,0,"Cherskiy",1983,"Upland",2,"343",0,NA,0,1131.43275947947,"burned",NA,NA,NA
"BP",1,"150",0,0,0,0,764,1910,1910,0,0,0,1897.02644939255,11,0,329.296270405749,NA,NA,NA,NA,NA,NA,NA,NA,2.33333333333333,68.3205693908634,160.644183926668,150.545630923351,NA,139.22152,28.5794142538028,"Cherskiy",1983,"Upland",2,"346",0,NA,0,647.642835582903,"burned",NA,NA,NA
"BP",1,"200",0,0,0,0,509,1401,1401,0,0,0,2762.96765217163,10,0,112.674631098612,NA,NA,NA,NA,NA,NA,NA,NA,2.90909090909091,68.3202611912386,160.643074647857,25.2560676234277,NA,131.95908,0,"Cherskiy",1983,"Upland",0,"flat",0,NA,0,269.88977872204,"burned",NA,NA,NA
"BP",1,"25",0,0,0,0,1019,1783,1783,127,127,0,4367.89796682883,12,1.00097783464882,483.755785386682,NA,NA,NA,NA,NA,NA,NA,NA,2.2,68.3214405360862,160.646552927244,64.5044891825077,NA,299.72276,94.9390115097362,"Cherskiy",1983,"Upland",7,"2",0,NA,0.0086489999999719,943.923023913575,"burned",NA,NA,NA
"BP",1,"50",0,0,0,0,509,1273,1273,127,127,0,2503.63720630942,7,4.281672641896,382.513208867854,NA,NA,NA,NA,NA,NA,NA,NA,2.27272727272727,68.3212608240592,160.64610246758,52.2478820868146,NA,63.80532,90.2141750758282,"Cherskiy",1983,"Upland",4,"2",0,NA,0.0388089999998739,593.062258672393,"burned",NA,NA,NA
"BP",1,"75",0,0,0,1592,127,637,637,0,0,1592,4157.411878657,8,0,154.402317341008,NA,NA,NA,NA,NA,NA,NA,NA,2.8,68.321096247603,160.645572855599,171.699068995383,NA,102.20056,239.999803708017,"Cherskiy",1983,"Upland",5,"310",0,NA,0,668.301750044408,"burned",NA,NA,NA
"BP",2,"-25a",0,0,0,0,382,382,382,1019,1019,0,3023.97742945499,7,382.523246276291,66.5409393661918,NA,NA,NA,NA,NA,NA,NA,NA,NA,68.3229757802889,160.654190920152,83.8490645613104,NA,191.5814,0,"Cherskiy",1983,"Upland",8,"35",0,NA,3.5084219999886,724.494650203793,"unburned",NA,NA,NA
"BP",2,"-25b",0,0,0,0,637,637,637,637,637,0,1937.10483576166,8,600.970401177537,232.260801380494,NA,NA,NA,NA,NA,NA,NA,NA,NA,68.323067222615,160.654732238746,55.7569114711278,NA,108.9742,0,"Cherskiy",1983,"Upland",4,"13",0,NA,5.48028399998219,997.962314029159,"unburned",NA,NA,NA
"BP",2,"100",0,0,0,0,127,1146,1146,0,0,0,3220.28140009256,12,0,4.17093235125179,NA,NA,NA,NA,NA,NA,NA,NA,3,68.3228217985687,160.657476483255,108.543171513453,NA,178.61128,73.92950546691,"Cherskiy",1983,"Upland",5,"332",0,NA,0,365.254889331615,"burned",NA,NA,NA
"BP",2,"150",0,0,0,0,509,2292,2292,0,0,0,2710.24020192926,7,0,84.711048292614,NA,NA,NA,NA,NA,NA,NA,NA,2.77777777777778,68.3227220129497,160.658737161791,119.964607724336,NA,207.86408,164.20993442602,"Cherskiy",1983,"Upland",6,"357",0,NA,0,576.74967044297,"burned",NA,NA,NA
"BP",2,"200",0,0,0,0,891,2165,2165,0,0,0,3261.09801468616,15,0,264.154940384939,NA,NA,NA,NA,NA,NA,NA,NA,2.35294117647059,68.3226803996952,160.660019030423,93.0814489721129,NA,226.8972,287.896508935828,"Cherskiy",1983,"Upland",2,"356",0,NA,0,872.03009829288,"burned",NA,NA,NA
"BP",2,"25",0,0,0,3183,637,1019,1019,0,0,3183,1280.26361682023,5,0,672.095771500655,NA,NA,NA,NA,NA,NA,NA,NA,2.75,68.3228844089299,160.655389477611,66.0089468379431,NA,31.74568,35.8183670313296,"Cherskiy",1983,"Upland",2,"355",0,NA,0,805.668765369928,"burned",NA,NA,NA
"BP",2,"50",0,0,0,0,891,3183,3183,0,0,0,2455.06260922749,9,0,412.972683580793,NA,NA,NA,NA,NA,NA,NA,NA,2.76,68.3228667997833,160.656136350189,79.651343150289,NA,542.63568,64.7111049664078,"Cherskiy",1983,"Upland",5,"15",0,NA,0,1099.97081169749,"burned",NA,NA,NA
"BP",2,"75",0,0,0,796,0,1910,1910,0,0,796,2591.53597316596,7,0,0,NA,NA,NA,NA,NA,NA,NA,NA,3,68.322831581449,160.656851440955,73.8289313332412,NA,370.34308,41.5853468251369,"Cherskiy",1983,"Upland",6,"346",0,NA,0,485.757358158378,"burned",NA,NA,NA
"CN",1,"-25",0,0,0,0,0,159,159,573,573,0,2282.37582417582,4,189.632755532976,NA,NA,NA,NA,NA,NA,NA,NA,NA,NA,68.7820030376315,161.474372595548,132.971359822221,NA,83.24264,0,"Cherskiy",2001,"Upland",2,"190",0,46.98986816,1.74477699977218,405.846755355197,"unburned",NA,NA,NA
"CN",1,"-50",0,0,0,0,0,0,0,859,859,0,2054.96301485149,5,127.504808574686,NA,NA,NA,NA,NA,NA,NA,NA,NA,NA,68.7818317115306,161.474059782922,114.713992434902,NA,133.02692,0,"Cherskiy",2001,"Upland",4,"160",0,46.02856445,1.18254968756768,375.245721009588,"unburned",NA,NA,NA
"CN",1,"100",0,0,0,3979,318,732,732,0,0,3979,1764.46619871106,5,0,132.694801958963,NA,NA,NA,NA,NA,NA,NA,NA,1.78260869565217,68.7830390408635,161.475194441154,20.525701733866,NA,59.1354,113.660091463715,"Cherskiy",2001,"Upland",14,"0",0,44.34631348,0,326.015995156544,"burned",NA,NA,NA
"CN",1,"150",0,0,0,0,127,414,414,0,0,0,2445.0474471831,3.5,0,1.86847371423077,NA,NA,NA,NA,NA,NA,NA,NA,1.69230769230769,68.7834726367145,161.475711017847,46.5688503855756,NA,206.98988,593.897461387884,"Cherskiy",2001,"Upland",11,"0",0,37.13635254,0,849.32466548769,"burned",NA,NA,NA
"CN",1,"200",0,0,0,0,127,191,191,0,0,0,3792.7267494824,5,0,33.4084868972742,NA,NA,NA,NA,NA,NA,NA,NA,1.33333333333333,68.7839094176888,161.476053753867,64.5891143113819,NA,35.69744,181.214264282714,"Cherskiy",2001,"Upland",0,"flat",0,32.32983398,0,314.90930549137,"burned",NA,NA,NA
"CN",1,"25",0,0,0,0,0,223,223,764,764,0,3392.42042926829,7,277.863292186238,NA,NA,NA,NA,NA,NA,NA,NA,NA,NA,68.7824166007339,161.474572168663,124.856676508478,NA,174.78924,0,"Cherskiy",2001,"Upland",0,"flat",0,47.47045898,2.55240749966672,577.509208694716,"burned",NA,NA,NA
"CN",1,"50",0,0,0,6366,382,1528,1528,0,0,6366,2962.4078886693,6,0,48.5820349414722,NA,NA,NA,NA,NA,NA,NA,NA,2.08333333333333,68.7826275732368,161.474779201671,59.9764359870858,NA,189.13364,0,"Cherskiy",2001,"Upland",0,"flat",0,47.23010254,0,297.692110928558,"burned",NA,NA,NA
"CN",1,"75",0,0,0,3183,127,286,286,0,0,3183,3405.2034115899,4,0,88.2343267999964,NA,NA,NA,NA,NA,NA,NA,NA,2,68.7828324269503,161.474987491965,62.7300650555694,NA,28.88808,94.9497199811634,"Cherskiy",2001,"Upland",0,"flat",0,45.30749512,0,274.802191836729,"burned",NA,NA,NA
"CN",2,"-35",0,0,0,0,707,707,707,8135,8135,0,3500.6981884058,6,1576.13721154896,7.80918642248462,NA,NA,NA,NA,NA,NA,NA,NA,NA,68.7880996149033,161.477324618026,147.92219810098,51.391006,99.1982,0,"Cherskiy",2001,"Upland",26,"230",0,42.18322754,14.4674833345144,1831.06679607242,"unburned",NA,NA,NA
"CN",2,"-60",0,0,0,0,0,0,0,9196,9196,0,1370.02558415842,6,1520.23549357358,0,NA,NA,NA,NA,NA,NA,NA,NA,NA,68.7881255149841,161.476685917004,157.834243554136,71.24516,255.52396,0,"Cherskiy",2001,"Upland",26,"230",0,40.74121094,13.9816000011414,1933.59369712772,"unburned",NA,NA,NA
"CN",2,"100",0,0,0,1592,764,2419,2419,0,0,1592,2465.11754122939,6,0,620.495716465541,NA,NA,NA,NA,NA,NA,NA,NA,2.73684210526316,68.7877954356372,161.480949958786,79.127942517939,NA,90.39416,266.885514735545,"Cherskiy",2001,"Upland",17,"290",0,46.98986816,0,1056.90333371903,"burned",NA,NA,NA
"CN",2,"150",0,0,0,0,127,1528,1528,0,0,0,2021.55085714286,4,0,911.974789744191,NA,NA,NA,NA,NA,NA,NA,NA,NA,68.7877333257347,161.48241511546,132.140131470378,NA,5.9032,99.8481359358365,"Cherskiy",2001,"Upland",0,"flat",0,50.11413574,0,1149.86625715041,"burned",NA,NA,NA
"CN",2,"200",0,0,0,796,255,1146,1146,0,0,796,3011.37175887696,6,0,578.108311788765,NA,NA,NA,NA,NA,NA,NA,NA,2.55555555555556,68.7876344192773,161.483837608248,37.8627311986209,NA,61.08684,342.435178356691,"Cherskiy",2001,"Upland",19,"120",0,47.23010254,0,1019.49306134408,"burned",NA,NA,NA
"CN",2,"25",0,0,0,4775,637,5348,5348,0,0,4775,1047.86046597633,5.5,0,184.325400820123,NA,NA,NA,NA,NA,NA,NA,NA,NA,68.7879517581313,161.478869151324,95.886919393447,NA,557.4482,0,"Cherskiy",2001,"Upland",12,"212",0,43.62512207,0,837.66052021357,"burned",NA,NA,NA
"CN",2,"50",0,0,0,0,764,4456,4456,0,0,0,2303.69753521127,5,0,18.0258619988458,NA,NA,NA,NA,NA,NA,NA,NA,2.68571428571429,68.7879224214702,161.479645483195,39.3376810424723,NA,399.2274,0,"Cherskiy",2001,"Upland",8,"220",0,43.14453125,0,456.590943041318,"burned",NA,NA,NA
"CN",2,"75",0,0,0,796,95,477,477,0,0,796,2665.83900526064,3,0,140.661670942587,NA,NA,NA,NA,NA,NA,NA,NA,NA,68.7878417037427,161.480302372947,35.0841908009114,NA,165.393,0,"Cherskiy",2001,"Upland",11,"240",0,44.10595703,0,341.138861743498,"burned",NA,NA,NA
"CN",3,"-25",0,0,0,0,0,0,0,2674,2674,0,3316.09452873563,8,1273.89495433121,0,NA,NA,NA,NA,NA,NA,NA,NA,NA,68.7867424171417,161.497844606637,341.739398176722,NA,123.75852,0,"Cherskiy",2001,"Upland",10,"270",NA,40.74121094,11.700495999962,1739.39287250793,"unburned",NA,NA,NA
"CN",3,"-50",0,0,0,0,354,354,354,11318,11318,0,5704.98656108597,7,2432.04376891131,1178.93283202586,NA,NA,NA,NA,NA,NA,NA,NA,NA,68.7866643816232,161.49825297296,97.1796874383505,NA,100.62136,0,"Cherskiy",2001,"Upland",14,"270",0,41.22192383,22.3481583351577,3808.77764837552,"unburned",NA,NA,NA
"CN",3,"100",0,0,0,2387,509,2928,2928,0,0,2387,1778.40041536864,3,0,18.7204823314121,NA,NA,NA,NA,NA,NA,NA,NA,2.30434782608696,68.7873884942382,161.495316205546,50.9381862118779,NA,411.18232,105.250841572718,"Cherskiy",2001,"Upland",0,"flat",0,36.89599609,0,586.091830116008,"burned",NA,NA,NA
"CN",3,"150",0,0,0,0,9903,16269,16269,0,0,0,1145.44066068516,2,0,476.404506207836,NA,NA,NA,NA,NA,NA,NA,NA,2.91304347826087,68.7876750715076,161.494318339973,42.8035872863094,NA,343.32748,0,"Cherskiy",2001,"Upland",10,"174",0,39.05895996,0,862.535573494145,"burned",NA,NA,NA
"CN",3,"200",0,0,0,7162,3183,8842,8842,0,0,7162,2110.54654478976,5,0,308.125077704072,NA,NA,NA,NA,NA,NA,NA,NA,2.76,68.7879345752298,161.49321754463,44.761538126987,NA,1042.58784,0,"Cherskiy",2001,"Upland",7,"190",0,39.05895996,0,1395.47445583106,"burned",NA,NA,NA
"CN",3,"25",0,0,0,35810,255,1655,1655,0,0,35810,1997.50193921852,2,0,79.9489650803089,NA,NA,NA,NA,NA,NA,NA,NA,2.07692307692308,68.7869524676352,161.496996693313,206.541248612863,NA,206.21532,68.434260093638,"Cherskiy",2001,"Upland",0,"flat",0,35.69433594,0,561.13979378681,"burned",NA,NA,NA
"CN",3,"50",0,0,0,2387,382,764,764,0,0,2387,2288.30018115942,4,0,17.9226146697334,NA,NA,NA,NA,NA,NA,NA,NA,2.66666666666667,68.7871004920452,161.496391519904,198.824490596873,NA,1.35924,0,"Cherskiy",2001,"Upland",0,"flat",0,35.69433594,0,218.106345266606,"burned",NA,NA,NA
"CN",3,"75",0,0,0,0,0,0,0,0,0,0,2218.62484848485,5,0,0,NA,NA,NA,NA,NA,NA,NA,NA,NA,68.7872236222028,161.495944177731,195.452837600147,NA,1.35924,0,"Cherskiy",2001,"Upland",0,"flat",0,35.45410156,0,196.812077600147,"burned",NA,NA,NA
"FOC",1,"-15a",0,0,0,0,255,255,255,1401,1401,0,5227.05129411765,6,5467.97291224679,845.549255706944,NA,NA,NA,NA,NA,NA,NA,NA,NA,67.7686809841543,156.310193287208,87.6323482387115,NA,441.38828,0,"Cherskiy",2015,"Floodplain",0,"flat",0,23.91833496,49.0299999998407,6842.54279619245,"unburned",NA,NA,NA
"FOC",1,"-15b",0,0,0,0,764,764,764,1273,1273,0,1780.53323232323,7,5253.81765621654,1015.58904713417,NA,NA,NA,NA,NA,NA,NA,NA,NA,67.7684332989156,156.309836218133,57.532758721175,NA,284.9328,993.579020791108,"Cherskiy",2015,"Floodplain",0,"flat",0,23.67797852,47.0199999998472,7605.45128286299,"unburned",NA,NA,NA
"FOC",1,"100",0,0,0,3183,4838,4966,4966,0,0,3183,1356.22729452055,4,0,4008.02217790876,NA,NA,NA,NA,NA,NA,NA,NA,1.35897435897436,67.7692857384681,156.308075096458,0,NA,154.79544,783.296156805229,"Cherskiy",2015,"Floodplain",0,"flat",3,25.60058594,0,4946.11377471399,"burned",NA,NA,NA
"FOC",1,"150",0,0,0,0,2037,2928,2928,0,0,0,2587.74150243902,6,0,4655.19952959282,NA,NA,NA,NA,NA,NA,NA,NA,2.34782608695652,67.7695305738598,156.306986538693,1.41671142744737,NA,414.33884,363.243079507868,"Cherskiy",2015,"Floodplain",0,"flat",3,18.87145996,0,5434.19816052814,"burned",NA,NA,NA
"FOC",1,"200",0,0,0,0,2165,3438,3438,0,0,0,4335.86922092901,7,0,3096.97619767066,NA,NA,NA,NA,NA,NA,NA,NA,2.33333333333333,67.7698230184614,156.306199226528,1.5678084057668,378.95755,666.74388,912.02396515813,"Cherskiy",2015,"Floodplain",0,"flat",0,20.07312012,0,4677.31185123456,"burned",NA,NA,NA
"FOC",1,"25",0,0,0,0,1273,1655,1655,764,764,0,981.595307593308,1,2938.57211276721,1379.6050984635,NA,NA,NA,NA,NA,NA,NA,NA,1.78947368421053,67.7688812278211,156.309490464627,0,NA,1102.4132,47.3521091792222,"Cherskiy",2015,"Floodplain",0,"flat",5,20.55371094,26.3749999999143,5467.94252040993,"burned",NA,NA,NA
"FOC",1,"50",0,0,0,0,1019,1401,1401,382,382,0,2214.72335051547,2,1035.06103508111,252.565814519279,NA,NA,NA,NA,NA,NA,NA,NA,1.57142857142857,67.7690006699413,156.309011019766,0,NA,499.56112,745.27818259292,"Cherskiy",2015,"Floodplain",0,"flat",0,22.95703125,9.33999999996966,2532.46615219331,"burned",NA,NA,NA
"FOC",1,"75",0,0,0,3183,382,637,637,1019,1019,3183,1997.63466872746,4,2744.17435474758,703.014597744605,NA,NA,NA,NA,NA,NA,NA,NA,0.846153846153846,67.7691398933529,156.308461083099,0,NA,416.97272,529.440478224533,"Cherskiy",2015,"Floodplain",0,"flat",0,21.75537109,24.7324999999196,4393.60215071672,"burned",NA,NA,NA
"FOC",2,"-25",0,0,0,0,1061,1061,1061,10610,10610,0,5382.52635160681,7,2350.05894624201,731.854141127071,NA,NA,NA,NA,NA,NA,NA,NA,NA,67.7780715655535,156.328602628782,126.081478782601,NA,96.75044,0,"Cherskiy",2015,"Floodplain",0,"flat",0,19.35217285,21.5487568178749,3304.74500615168,"unburned",NA,NA,NA
"FOC",2,"-50",0,0,0,0,1061,1061,1061,10964,10964,0,6180.68880255942,7,1938.04277521353,138.093561071884,NA,NA,NA,NA,NA,NA,NA,NA,NA,67.7780817914754,156.329064639285,28.6648484707047,NA,188.40232,869.913270048592,"Cherskiy",2015,"Floodplain",0,"flat",0,18.1505127,17.7005049527477,3163.11677480471,"unburned",NA,NA,NA
"FOC",2,"100",0,0,0,0,8488,8488,8488,0,0,0,14024.7559530026,11,0,134.950682034035,NA,NA,NA,NA,NA,NA,NA,NA,1.16666666666667,67.7779185958206,156.325503922998,4.18764958014395,NA,136.61396,0,"Cherskiy",2015,"Floodplain",0,"flat",0,15.98754883,0,275.752291614179,"burned",NA,NA,NA
"FOC",2,"150",0,0,0,0,7781,8135,8135,0,0,0,8511.81569113043,10.5,0,1496.35559020245,NA,NA,NA,NA,NA,NA,NA,NA,1.08695652173913,67.7778457570821,156.324483426287,0,NA,136.08568,251.900743272457,"Cherskiy",2015,"Floodplain",0,"flat",0,14.78588867,0,1884.34201347491,"burned",NA,NA,NA
"FOC",2,"200",0,0,0,3183,5659,6013,6013,3183,3183,3183,3676.30127634046,10,39.416914459323,502.333167423059,NA,NA,NA,NA,NA,NA,NA,NA,1.07692307692308,67.7777592558413,156.323528978973,9.44849566797023,NA,58.8628,0,"Cherskiy",2015,"Floodplain",0,"flat",0,14.78588867,0.439086008747129,610.061377550352,"burned",NA,NA,NA
"FOC",2,"25",0,0,0,0,1415,1415,1415,6366,6366,0,5436.74180090378,13,24.0238380809668,126.336527485209,NA,NA,NA,NA,NA,NA,NA,NA,0.227272727272727,67.7780483476817,156.327221626415,18.355794943059,NA,468.73664,54.0443167339479,"Cherskiy",2015,"Floodplain",0,"flat",0,18.87145996,0.200000000016327,691.497117243183,"burned",NA,NA,NA
"FOC",2,"50",0,0,0,0,7074,8135,8135,0,0,0,6751.94116852081,15.5,0,1629.50402911598,NA,NA,NA,NA,NA,NA,NA,NA,1.56521739130435,67.7780300751328,156.326674623414,0.501228678592474,NA,585.84748,0,"Cherskiy",2015,"Floodplain",0,"flat",NA,15.74719238,0,2215.85273779457,"burned",NA,NA,NA
"FOC",2,"75",0,0,0,0,9903,10257,10257,0,0,0,5302.05252009456,9,0,316.183006971264,NA,NA,NA,NA,NA,NA,NA,NA,1.10344827586207,67.7779373712837,156.326117981225,2.2858897279445,NA,126.12732,60.2827841232676,"Cherskiy",2015,"Floodplain",0,"flat",0,14.78588867,0,504.879000822476,"burned",NA,NA,NA
"FRK",1,"-25",0,0,1592,1592,891,891,891,2165,3438,3184,1314.65685312631,2.5,4224.23341345756,226.710662756875,0,0,785.92230749217,0,180.002432235617,0,3258.30867372978,226.710662756875,NA,61.8202447030486,130.23387842451,1.6243023738795,130.39398,327.8344,18.8267791423423,"Yakutsk",2002,"Upland",0,"flat",0,NA,22.3459999999274,4799.22955773066,"unburned",NA,NA,NA
"FRK",1,"-50",0,0,4000,0,2037,2037,2037,5475,5475,4000,1423.2508457164,3.1,4910.47041104717,339.335004516744,0,0,0,0,0,0,4910.47041104717,339.335004516744,NA,61.8201858827928,130.233482143672,0,166.34735,422.31944,239.555516082204,"Yakutsk",2002,"Upland",0,"flat",0,NA,29.1927999999052,5911.68037164612,"unburned",NA,NA,NA
"FRK",1,"100",136873,136873,8754,28648,1146,2165,2419,1401,1655,311148,866.929411764706,0.8,159.182235939757,1770.27292533395,0,0,21.6690757138633,0,8.88306718165616,0,128.630093044237,1770.27292533395,1.53125,61.8205767634832,130.236175542915,0.394973083538076,491.40018,1141.48524,107.163197834603,"Yakutsk",2002,"Upland",0,"flat",0,NA,1.21689999999605,3178.49857219185,"burned",NA,NA,NA
"FRK",1,"150",82761,82761,2387,63662,0,891,891,1146,2674,231571,2003.56955985191,1.4,219.792340809609,0,0,0,94.2974234546191,0,8.049122023686,0,117.445795331304,0,NA,61.8206597339833,130.237101189033,4.88748344885813,461.73627,825.38392,1094.94816149821,"Yakutsk",2002,"Upland",0,"flat",0,NA,1.67996299999454,2145.01190575668,"burned",NA,NA,NA
"FRK",1,"200",82761,82761,7958,2387,764,2419,2801,382,3565,175867,1122.62455895386,1.2,289.768986915375,508.564361704615,0,0,197.49154629297,0,45.0731742385231,0,47.2042663838819,508.564361704615,1.22,61.8207731095918,130.238135443798,34.1051520702005,516.7216,546.3468,1689.24192852334,"Yakutsk",2002,"Upland",0,"flat",0,NA,2.37563099999228,3068.02722921353,"burned",NA,NA,NA
"FRK",1,"25",146423,146423,23077,46155,5857,7512,7512,891,1019,362078,913.130574471062,1.9,308.017762354293,974.741165864942,0,0,0,0,5.18177291295327,0,302.83598944134,974.741165864942,1.91044776119403,61.8203884123696,130.234840117634,281.88040216483,372.7859,664.52924,49.5103358415943,"Yakutsk",2002,"Upland",0,"flat",0,NA,2.01479999999345,2278.67890622566,"burned",NA,NA,NA
"FRK",1,"50",165521,165521,10345,23873,2674,3183,3310,1655,2674,365260,676.986613623199,1.5,914.822801509654,619.602636777842,0,0,0,0,69.724767325748,14.3562493763912,845.098034183907,605.246387401451,1.38297872340426,61.8204583918536,130.235295947846,0.0105252258416803,537.4612,589.35744,384.260172457473,"Yakutsk",2002,"Upland",0,"flat",0,NA,5.75742499998129,2508.05357597081,"burned",NA,NA,NA
"FRK",1,"75",108225,108225,5570,39789,1146,4966,5220,1910,3820,261809,491.121188874398,2.1,818.486107185846,320.222592194399,4.62340131330699,0,23.2754755737536,0,71.8580959708781,0,718.729134327907,320.222592194399,1.54929577464789,61.8204979598433,130.235694136327,164.608707846131,486.55438,1391.89936,61.3261007879066,"Yakutsk",2002,"Upland",0,"flat",0,NA,5.48578299998218,2756.54286801428,"burned",NA,NA,NA
"FRK",2,"-50",0,0,11937,53317,382,382,382,2674,3565,65254,240.990194807162,0.9,11260.3637753722,1968.5934365751,10.0563905936849,0,26.5752448762328,0,686.231727016557,0,10537.5004128857,1968.5934365751,NA,61.8194147270784,130.253758137214,0.0398007241857015,319.86444,548.74192,711.314911247094,"Yakutsk",2002,"Upland",0,"flat",0,NA,53.3815499998266,14489.0538439186,"unburned",NA,NA,NA
"FRK",3,"-25",0,0,0,0,199,199,199,11937,11937,0,1770.7329785137,10.6,3399.91107426938,14.7039125883611,0,0,0,0,0,0,3399.91107426938,14.7039125883611,NA,61.8420327168924,130.246273001776,0,44.45505,150.86248,326.589809176123,"Yakutsk",2002,"Upland",0,"flat",0,NA,22.6653812488442,3892.06727603386,"unburned",NA,NA,NA
"FRK",3,"150",22282,22282,1592,11141,1393,9151,9151,796,3979,57297,707.601790741031,0.6,303.263318750882,209.488589052765,17.7961472591424,0,203.965633651994,0,8.81767028394781,0,72.6838675557973,209.488589052765,2.01515151515152,61.8420638842353,130.243007934089,2.95414123738008,553.88416,2393.1836,0,"Yakutsk",2002,"Upland",0,"flat",0,NA,2.42482343737634,2908.88964904103,"burned",NA,NA,NA
"FRK",3,"25",19099,19099,0,39789,0,2785,2785,796,1989,77987,1341.4524779418,1.8,186.448180570539,0,11.3682404766874,0,70.0211038468682,0,0,0,105.058836246983,0,1.75,61.8419858225078,130.245341286063,0,164.60153,889.35092,344.696023521446,"Yakutsk",2002,"Upland",0,"flat",0,NA,1.43522343742681,1420.49512409198,"burned",NA,NA,NA
"FRK",3,"75",796,796,1592,55704,995,6167,6366,1194,2188,58888,700.420451497748,0.4,275.194345425048,160.769497495316,42.4659123888584,4.18746311491925,0,0,6.7562892239843,0,225.972143812205,156.582034380396,2.2093023255814,61.842004017621,130.244480296969,6.64055916997356,428.31033,833.73676,876.697376327408,"Yakutsk",2002,"Upland",0,"flat",0,NA,2.15228124989024,2153.03853841775,"burned",NA,NA,NA
"FU",2,"-35",0,0,0,796,2476,2476,2476,17330,17330,796,2676.4967303285,11,3211.40103841446,120.633503488529,NA,NA,NA,NA,NA,NA,NA,NA,NA,67.6522565167397,155.402398975566,0,NA,606.08192,1019.86893480384,"Cherskiy",2015,"Floodplain",0,"flat",0,21.03442383,29.3127688430323,4957.98539670683,"unburned",NA,NA,NA
"FU",2,"-60",0,0,0,14324,637,637,637,5348,5348,14324,2887.40381395349,9,2922.66131519247,509.854972513903,NA,NA,NA,NA,NA,NA,NA,NA,NA,67.6521089952439,155.402755625545,0,NA,99.45388,116.658550439209,"Cherskiy",2015,"Floodplain",0,"flat",0,18.87145996,26.7028861775826,3648.62871814558,"unburned",NA,NA,NA
"FU",2,"100",0,0,0,0,4244,4244,4244,2122,2122,0,5660.70734366036,11,1180.67007621348,486.518028890082,NA,NA,NA,NA,NA,NA,NA,NA,0.888888888888889,67.6531331799924,155.400381954386,0.0105252258416803,267.33795,90.95816,325.043573569283,"Cherskiy",2015,"Floodplain",0,"flat",0,20.79406738,10.8419444453295,2083.20036389869,"burned",NA,NA,NA
"FU",2,"150",0,0,0,0,764,891,891,382,382,0,4009.71298588491,11,534.441350893153,836.427470694748,NA,NA,NA,NA,NA,NA,NA,NA,0.9,67.6534726470708,155.399534795433,72.0758088887975,295.66016,447.5622,399.703263366511,"Cherskiy",2015,"Floodplain",0,"flat",0,15.02624512,4.86989999998418,2290.21009384321,"burned",NA,NA,NA
"FU",2,"200",0,0,0,6366,6013,6720,6720,354,354,6366,3361.00422535211,7,218.220741560352,1259.75572721167,NA,NA,NA,NA,NA,NA,NA,NA,2.1,67.6538074202835,155.398844545707,17.3503433684353,261.3464,257.07684,194.218868732226,"Cherskiy",2015,"Floodplain",0,"flat",0,19.11181641,2.00694444460828,1946.62252087268,"burned",NA,NA,NA
"FU",2,"25",0,0,0,796,6366,7003,7003,2292,2292,796,4377.35784527872,13,1107.8876937531,1334.08296545547,NA,NA,NA,NA,NA,NA,NA,NA,NA,67.6526223868131,155.401482665911,0,161.81279,406.03676,594.828778330776,"Cherskiy",2015,"Floodplain",0,"flat",5,22.47631836,10.1783539999669,3442.83619753935,"burned",NA,NA,NA
"FU",2,"50",0,0,0,2387,4244,5305,5305,1768,1768,2387,3718.71673809524,9,2346.234283201,779.302482965771,NA,NA,NA,NA,NA,NA,NA,NA,1.6,67.6527670584619,155.401133727282,3.65618998782225,161.81279,333.02508,654.244290206858,"Cherskiy",2015,"Floodplain",NA,NA,20,22.47631836,21.3580555572991,4116.46232636145,"burned",NA,NA,NA
"FU",2,"75",0,0,0,0,4598,4951,4951,1061,1061,0,5947.41473322241,9,409.022831834236,1360.18939437156,NA,NA,NA,NA,NA,NA,NA,NA,1.41176470588235,67.6529496163129,155.400709351524,0,233.5644,331.2936,172.507142846843,"Cherskiy",2015,"Floodplain",0,"flat",0,19.59240723,3.74694444475032,2273.01296905264,"burned",NA,NA,NA
"FU",3,"-25",0,0,0,0,382,382,382,1273,1273,0,2992.9919078125,10,709.497219625804,132.249865946304,NA,NA,NA,NA,NA,NA,NA,NA,NA,67.649648990482,155.361549770459,14.501358885699,-35.354435,276.23216,292.865187492497,"Cherskiy",2015,"Floodplain",0,"flat",0,17.42956543,6.48722499997892,1425.3457919503,"unburned",NA,NA,NA
"FU",3,"-50",0,0,0,0,891,891,891,2546,2546,0,4896.39210578842,8,972.925846750041,145.802082019961,NA,NA,NA,NA,NA,NA,NA,NA,NA,67.6494341623038,155.361356567591,0.935230650888891,NA,246.40596,997.374739032592,"Cherskiy",2015,"Floodplain",0,"flat",0,16.70849609,8.91492499997104,2363.44385845348,"unburned",NA,NA,NA
"FU",3,"100",0,0,0,0,10964,11671,11671,0,0,0,4817.86834586466,11,0,125.366635191423,NA,NA,NA,NA,NA,NA,NA,NA,2.75757575757576,67.6507702376693,155.36322732456,7.91954644203005,349.2271,173.18184,60.1177343279155,"Cherskiy",2015,"Floodplain",0,"flat",0,19.59240723,0,366.585755961369,"burned",NA,NA,NA
"FU",3,"150",0,0,0,0,10964,13440,13440,0,0,0,2446.64457142857,3.5,0,1156.83009288368,NA,NA,NA,NA,NA,NA,NA,NA,2.31578947368421,67.6511468365788,155.363700315356,0.0440208465662529,321.84433,651.52528,159.324150849434,"Cherskiy",2015,"Floodplain",0,"flat",0,20.31335449,0,1967.72354457968,"burned",NA,NA,NA
"FU",3,"200",0,0,0,0,7074,7074,7074,0,0,0,3214.38216833891,9,0,959.310071885564,NA,NA,NA,NA,NA,NA,NA,NA,1.75,67.651512203738,155.36417867057,9.12825933064373,211.74606,150.57484,315.457808658526,"Cherskiy",2015,"Floodplain",0,"flat",0,21.27478027,0,1434.47097987473,"burned",NA,NA,NA
"FU",3,"25",0,0,0,0,8842,8842,8842,707,707,0,8584.88994274809,12,546.228972938945,1896.61813437859,NA,NA,NA,NA,NA,NA,NA,NA,1.7037037037037,67.6502240728586,155.362447723746,81.7785804837543,379.64,232.93012,260.997247064828,"Cherskiy",2015,"Floodplain",0,"flat",0,19.35217285,5.00000000040817,3018.55305486612,"burned",NA,NA,NA
"FU",3,"50",0,0,0,15915,10610,12379,12379,0,0,15915,3793.3213741621,8,0,1013.500756171,NA,NA,NA,NA,NA,NA,NA,NA,2.51428571428571,67.6504090614616,155.362693648785,0,380.89407,378.05484,341.739139020791,"Cherskiy",2015,"Floodplain",0,"flat",0,20.07312012,0,1733.29473519179,"burned",NA,NA,NA
"FU",3,"75",0,0,0,0,2122,7427,7427,0,0,0,4718.67815873016,11,0,160.243318982753,NA,NA,NA,NA,NA,NA,NA,NA,2.57142857142857,67.6505987439304,155.363019453361,0.0852086209043108,391.20517,960.80408,40.161706342815,"Cherskiy",2015,"Floodplain",0,"flat",0,23.1973877,0,1161.29431394647,"burned",NA,NA,NA
"Gonzo",1,"-25",0,0,0,0,3537,4244,4244,4951,4951,0,1542.07399708756,5.5,829.330734445698,663.504043378641,NA,NA,NA,NA,NA,NA,NA,NA,NA,67.5284382887184,154.928710721433,152.846735656897,NA,795.38852,327.885755137567,"Cherskiy",2001,"Upland",0,"flat",0,44.34631348,7.63658611173451,2768.9557886188,"unburned",NA,NA,NA
"Gonzo",1,"-50",0,0,0,0,354,1415,1415,7781,7781,0,1012.52840001383,5,1482.60595733314,165.088883969007,NA,NA,NA,NA,NA,NA,NA,NA,NA,67.5282761827111,154.928974499925,37.9474570985464,NA,843.89816,325.027202097737,"Cherskiy",2001,"Upland",0,"flat",0,45.54785156,13.6684416677825,2854.56766049843,"unburned",NA,NA,NA
"Gonzo",1,"100",0,0,0,0,1415,6720,6720,0,0,0,1154.38991596639,2,0,167.563001534173,NA,NA,NA,NA,NA,NA,NA,NA,NA,67.5293723680078,154.927181778475,149.40529930304,245.99239,732.84468,41.6963150128427,"Cherskiy",2001,"Upland",0,"flat",0,42.9041748,0,1091.50929585006,"burned",NA,NA,NA
"Gonzo",1,"150",0,0,0,0,354,11318,11318,0,0,0,1877.80770843818,4,0,293.747428185121,NA,NA,NA,NA,NA,NA,NA,NA,NA,67.5297196302562,154.92664122954,79.4804114110146,83.809074,842.98072,51.8561486218616,"Cherskiy",2001,"Upland",0,"flat",0,47.47045898,0,1268.064708218,"burned",NA,NA,NA
"Gonzo",1,"200",0,0,0,0,1061,4598,4598,0,0,0,1119.41057748776,1.5,0,436.170413051902,NA,NA,NA,NA,NA,NA,NA,NA,NA,67.5300549063831,154.925918625667,550.143640001739,104.93125,505.8704,0,"Cherskiy",2001,"Upland",0,"flat",0,43.86547852,0,1492.18445305364,"burned",NA,NA,NA
"Gonzo",1,"25",0,0,0,0,1061,2476,2476,0,0,0,888.337789987789,3,0,57.765364165914,NA,NA,NA,NA,NA,NA,NA,NA,2.85714285714286,67.5288010574877,154.928104039281,88.1560707458148,320.17386,1214.79396,219.463780487592,"Cherskiy",2001,"Upland",0,"flat",10,43.86547852,0,1580.17917539932,"burned",NA,NA,NA
"Gonzo",1,"50",0,0,0,0,3537,8135,8135,0,0,0,2551.84804928131,3.5,0,297.426189134365,NA,NA,NA,NA,NA,NA,NA,NA,2.56521739130435,67.5290074199438,154.927697014063,638.177579265474,290.3277,967.66608,269.359950939182,"Cherskiy",2001,"Upland",0,"flat",5,44.34631348,0,2172.62979933902,"burned",NA,NA,NA
"Gonzo",1,"75",0,0,0,0,4244,10964,10964,0,0,0,1140.62210262683,4.5,0,326.914603581265,NA,NA,NA,NA,NA,NA,NA,NA,2.54838709677419,67.5291810091584,154.92745578289,118.234025131483,328.8112,1235.14684,205.261013589361,"Cherskiy",2001,"Upland",0,"flat",5,44.58654785,0,1885.55648230211,"burned",NA,NA,NA
"Gonzo",2,"-15",0,0,0,0,9196,9196,9196,7781,7781,0,1018.72456539515,5,2450.26793649872,976.381041632676,NA,NA,NA,NA,NA,NA,NA,NA,NA,67.5504870526492,154.890121947973,697.725105539353,87.06382,388.22752,277.099267307298,"Cherskiy",2001,"Upland",18,"320",0,83.7598877,22.5587472240638,4789.70087097805,"unburned",NA,NA,NA
"Gonzo",2,"-35",0,0,0,0,5659,5659,5659,14147,14147,0,1958.36632383378,4,2839.0238824324,449.811206179823,NA,NA,NA,NA,NA,NA,NA,NA,NA,67.5505905691534,154.889879208058,34.1084755291125,87.06382,359.26988,0,"Cherskiy",2001,"Upland",18,"320",0,85.92285156,26.1454722243566,3682.21344414134,"unburned",NA,NA,NA
"Gonzo",2,"100",0,0,0,796,354,1415,1415,0,0,796,2834.86883251608,7,0,61.8475346053383,NA,NA,NA,NA,NA,NA,NA,NA,2.75,67.5499831326305,154.892204431816,108.526699901786,358.93616,575.12772,1204.718938227,"Cherskiy",2001,"Upland",18,"320",0,96.7376709,0,1950.22089273412,"burned",NA,NA,NA
"Gonzo",2,"150",0,0,0,796,0,637,637,0,0,796,2606.94475654473,4,0,0,NA,NA,NA,NA,NA,NA,NA,NA,3,67.5497444998472,154.893133062869,102.531573940954,179.17154,1160.03144,39.8829677539559,"Cherskiy",2001,"Upland",22,"320",0,103.9475098,0,1302.44598169491,"burned",NA,NA,NA
"Gonzo",2,"200",0,0,0,2387,0,891,891,0,0,2387,2819.81915213566,4,0,0,NA,NA,NA,NA,NA,NA,NA,NA,2.85714285714286,67.5495372992008,154.894054317846,71.7868634356536,399.79117,250.72244,1650.86280084899,"Cherskiy",2001,"Upland",19,"320",0,106.8312988,0,1973.37210428464,"burned",NA,NA,NA
"Gonzo",2,"25",0,0,0,35014,2122,4951,4951,0,0,35014,1523.67554317549,6,0,967.830157211541,NA,NA,NA,NA,NA,NA,NA,NA,1.42857142857143,67.5503083504736,154.890791578218,138.543181335499,188.00272,622.28564,227.477783237908,"Cherskiy",2001,"Upland",18,"320",0,87.84545898,0,1956.13676178495,"burned",NA,NA,NA
"Gonzo",2,"50",0,0,0,796,2122,3537,3537,0,0,796,1978.47159918439,6,0,2399.15629413878,NA,NA,NA,NA,NA,NA,NA,NA,NA,67.5502024032175,154.891284434124,15.1897453301547,188.00272,736.78328,768.022901974702,"Cherskiy",2001,"Upland",19,"320",NA,93.61340332,0,3919.15222144364,"burned",NA,NA,NA
"Gonzo",2,"75",0,0,0,4775,354,2476,2476,0,0,4775,1668.65161290323,4,0,100.101693363218,NA,NA,NA,NA,NA,NA,NA,NA,2.42857142857143,67.5501268822699,154.891831269487,58.1713807547197,358.93616,632.58804,436.634107679965,"Cherskiy",2001,"Upland",19,"320",0,97.93933105,0,1227.4952217979,"burned",NA,NA,NA
"Gonzo",3,"-50",0,0,0,0,707,707,707,5659,5659,0,1200.18892882818,4,714.026920819161,14.0167743935939,NA,NA,NA,NA,NA,NA,NA,NA,NA,67.61290255934,155.112013639882,158.557248595277,NA,248.46832,537.225039449994,"Cherskiy",2001,"Upland",0,"flat",0,44.34631348,6.6558826037412,1672.29430325803,"unburned",NA,NA,NA
"Gonzo",3,"-75",0,0,0,0,10345,10345,10345,36606,36606,0,1967.46984126984,6,995.518953332479,1694.47853969154,NA,NA,NA,NA,NA,NA,NA,NA,NA,67.6128702890127,155.11142254807,155.895016762431,NA,293.1484,78.4720543540677,"Cherskiy",2001,"Upland",0,"flat",0,40.74121094,9.10987702581692,3217.51296414052,"unburned",NA,NA,NA
"Gonzo",3,"100",0,0,0,0,127,1655,1655,0,0,0,1369.71561841375,3,0,5.97885950692508,NA,NA,NA,NA,NA,NA,NA,NA,2.46153846153846,67.6125501003116,155.115292388945,125.13804542314,NA,368.38224,612.102269861215,"Cherskiy",2001,"Upland",0,"flat",0,42.9041748,0,1111.60141479128,"burned",NA,NA,NA
"Gonzo",3,"150",0,0,0,2387,509,1401,1401,0,0,2387,896.870067729084,1,0,270.807724819711,NA,NA,NA,NA,NA,NA,NA,NA,2.36363636363636,67.612426886335,155.116269635036,145.077224295378,NA,410.96048,45.2461376308318,"Cherskiy",2001,"Upland",0,"flat",0,46.02856445,0,872.091566745921,"burned",NA,NA,NA
"Gonzo",3,"200",0,0,0,1592,255,891,891,0,0,1592,1113.99029944547,3,0,242.880488729481,NA,NA,NA,NA,NA,NA,NA,NA,1.85714285714286,67.6122838072478,155.117327263578,387.818018098809,NA,184.8792,213.286623272035,"Cherskiy",2001,"Upland",0,"flat",0,46.2689209,0,1028.86433010032,"burned",NA,NA,NA
"Gonzo",3,"25",0,0,0,11937,0,1910,1910,0,0,11937,1487.02502923977,6,0,0,NA,NA,NA,NA,NA,NA,NA,NA,2.4,67.6127649284899,155.113732684403,87.4459887721926,68.041565,506.93448,424.815549937864,"Cherskiy",2001,"Upland",0,"flat",0,40.50097656,0,1019.19601871006,"burned",NA,NA,NA
"Gonzo",3,"50",0,0,0,16711,0,1401,1401,0,0,16711,1690.53703703704,4,0,0,NA,NA,NA,NA,NA,NA,NA,NA,2.45454545454545,67.6127016451209,155.114235179498,388.669685878749,68.041565,463.61176,527.487404200313,"Cherskiy",2001,"Upland",0,"flat",0,41.22192383,0,1379.76885007906,"burned",NA,NA,NA
"Gonzo",3,"75",0,0,0,3979,255,1146,1146,0,0,3979,1599.81710591472,3,0,218.623003371081,NA,NA,NA,NA,NA,NA,NA,NA,2.33333333333333,67.6126231066882,155.114740943536,164.864416270113,114.741,562.9002,295.67597076493,"Cherskiy",2001,"Upland",0,"flat",0,42.66381836,0,1242.06359040612,"burned",NA,NA,NA
"HR",1,"-20",0,0,0,0,159,159,159,286,286,0,1493.9899339536,10,270.196087627058,31.6079624726505,NA,NA,NA,NA,NA,NA,NA,NA,NA,68.7525584646246,161.536098783526,228.06590980476,NA,94.84224,0,"Cherskiy",1990,"Upland",0,"flat",0,NA,2.44411874968086,624.712199904468,"unburned",NA,NA,NA
"HR",1,"-50",0,0,0,0,32,32,32,637,637,0,NA,14,216.701781836156,12.2581099820345,NA,NA,NA,NA,NA,NA,NA,NA,NA,68.7528690447834,161.535930769055,81.2223959171017,NA,55.34532,319.694463344829,"Cherskiy",1990,"Upland",0,"flat",0,NA,1.9851359997408,685.222071080121,"unburned",NA,NA,NA
"HR",1,"100",0,0,0,0,95,191,191,64,64,0,2291.99673088648,6,11.1959485924358,12.1974328313987,NA,NA,NA,NA,NA,NA,NA,NA,1.25,68.7515606085751,161.53729318084,17.6570761397087,NA,66.17412,0,"Cherskiy",1990,"Upland",0,"flat",0,NA,0.103345999986506,107.224577563543,"burned",NA,NA,NA
"HR",1,"150",0,0,0,0,191,191,191,0,0,0,4807.83461442127,7,0,6.37913231849273,NA,NA,NA,NA,NA,NA,NA,NA,2.16666666666667,68.7512062782831,161.537590435965,86.8258163984877,NA,1.35924,0,"Cherskiy",1990,"Upland",0,"flat",0,NA,0,94.5641887169804,"burned",NA,NA,NA
"HR",1,"200",0,0,0,0,0,0,0,0,0,0,1540.25428541869,9,0,0,NA,NA,NA,NA,NA,NA,NA,NA,NA,68.7508679338849,161.537999161762,215.365771125797,NA,1.81232,0,"Cherskiy",1990,"Upland",0,"flat",0,NA,0,217.178091125797,"burned",NA,NA,NA
"HR",1,"25",0,0,0,0,159,318,318,32,32,0,1579.50160662945,6,0.550124849964847,61.7612266340549,NA,NA,NA,NA,NA,NA,NA,NA,2.18181818181818,68.7521945036598,161.536565479612,28.815192438896,NA,99.79416,0,"Cherskiy",1990,"Upland",0,"flat",2,NA,0.00489999999936019,190.920703922916,"burned",NA,NA,NA
"HR",1,"50",0,0,0,0,95,350,350,0,0,0,3786.86914391848,6.5,0,19.5319590496814,NA,NA,NA,NA,NA,NA,NA,NA,2.27272727272727,68.7520029997861,161.536763297371,64.117562660472,NA,96.51168,0,"Cherskiy",1990,"Upland",0,"flat",0,NA,0,180.161201710153,"burned",NA,NA,NA
"HR",1,"75",0,0,0,0,32,191,191,32,32,0,4145.85886287761,7,63.62544012351,2.06834075707897,NA,NA,NA,NA,NA,NA,NA,NA,1.71428571428571,68.7517701741955,161.537077206413,56.9202503105202,NA,39.42548,0,"Cherskiy",1990,"Upland",0,"flat",0,NA,0.577599999924581,162.039511191109,"burned",NA,NA,NA
"HR",2,"-25",0,0,0,0,32,32,32,637,637,0,3180.53180933616,10,328.08943276851,2.59844002498876,NA,NA,NA,NA,NA,NA,NA,NA,NA,68.7486572620457,161.528984430451,185.188257509325,NA,6.35628,0,"Cherskiy",1990,"Upland",0,"flat",0,NA,3.01373324960649,522.232410302824,"unburned",NA,NA,NA
"HR",2,"-50",0,0,0,0,0,0,0,382,382,0,3064.01190441965,10,118.11143818085,0,NA,NA,NA,NA,NA,NA,NA,NA,NA,68.7486806819984,161.528181371341,253.563447479815,NA,0.45308,0,"Cherskiy",1990,"Upland",0,"flat",0,NA,1.08648749985813,372.127965660665,"unburned",NA,NA,NA
"HR",2,"100",0,0,0,0,32,32,32,127,127,0,745.589023789368,6,1.39190204869309,3.06687393462919,NA,NA,NA,NA,NA,NA,NA,NA,0.2,68.7485489915161,161.532558379024,46.1279295224163,NA,67.915,0,"Cherskiy",1990,"Upland",0,"flat",0,NA,0.0123047499983933,118.501705505739,"burned",NA,NA,NA
"HR",2,"150",0,0,0,0,64,127,127,0,0,0,1501.42506612365,7,0,9.9588793106517,NA,NA,NA,NA,NA,NA,NA,NA,2.5,68.7485442812323,161.533805923991,88.9322797526924,NA,12.25948,0,"Cherskiy",1990,"Upland",0,"flat",0,NA,0,111.150639063344,"burned",NA,NA,NA
"HR",2,"200",0,0,0,1592,0,191,191,0,0,1592,989.287843317493,7,0,0,NA,NA,NA,NA,NA,NA,NA,NA,2,68.7485097391207,161.535010151426,159.038933662634,NA,14.03608,0,"Cherskiy",1990,"Upland",0,"flat",0,NA,0,173.075013662634,"burned",NA,NA,NA
"HR",2,"25",0,0,0,0,95,223,223,95,95,0,1297.6153633852,7,36.4000452017231,50.338013565758,NA,NA,NA,NA,NA,NA,NA,NA,1.1,68.7486132005825,161.530431101757,65.1526126482767,NA,13.583,0,"Cherskiy",1990,"Upland",0,"flat",0,NA,0.334900999956271,165.473671415758,"burned",NA,NA,NA
"HR",2,"50",0,0,0,7958,0,95,95,64,64,7958,1173.8918424782,7,22.9050552106231,0,NA,NA,NA,NA,NA,NA,NA,NA,1.2,68.7485898139339,161.531037933594,79.1160856019547,NA,23.56392,0,"Cherskiy",1990,"Upland",0,"flat",0,NA,0.210316249972538,125.585060812578,"burned",NA,NA,NA
"HR",2,"75",0,0,0,3183,127,382,382,0,0,3183,1932.26608070044,8,0,22.7819162331223,NA,NA,NA,NA,NA,NA,NA,NA,2.33333333333333,68.7485631223615,161.531813317446,164.913031924838,NA,29.46712,0,"Cherskiy",1990,"Upland",0,"flat",0,NA,0,217.16206815796,"burned",NA,NA,NA
"Korova",1,"-25",0,0,0,0,0,0,0,8754,8754,0,2402.55140235256,7,2751.11539709945,0,0,0,0,0,0,0,2751.11539709945,0,NA,61.9975472560018,131.819306991513,5.64268988583156,NA,485.99692,238.34135702802,"Yakutsk",2002,"Upland",6,"346",0,NA,16.8119781241427,3481.0963640133,"unburned",NA,NA,NA
"Korova",1,"150",7958,7958,0,6366,1989,8555,8555,0,597,22282,288.353347824234,0.3,49.0615699712908,493.398522829136,0,0,49.0615699712908,0,0,0,0,493.398522829136,2.80434782608696,61.9966934770199,131.822248742047,28.8292918094558,276.27014,1369.42208,0,"Yakutsk",2002,"Upland",8,"346",0,NA,0.374609374980897,1940.71146460988,"burned",NA,NA,NA
"Korova",1,"25",6366,6366,0,75599,1790,7361,7361,0,597,88331,702.211560307772,0.6,60.9435541732454,94.9844369402395,0,0,60.9435541732454,0,0,0,0,94.9844369402395,2.575,61.9973139143012,131.820118473644,324.48880287287,NA,341.60916,0,"Yakutsk",2002,"Upland",9,"346",0,NA,0.447239062477193,822.025953986355,"burned",NA,NA,NA
"Korova",1,"75",10345,10345,0,17507,398,3979,3979,0,199,38197,1474.11039470407,1.1,17.233363108323,11.3207636673541,0,0,17.233363108323,0,0,0,0,11.3207636673541,2.85714285714286,61.9970635479804,131.820964053523,404.30006830278,196.01497,505.5602,0,"Yakutsk",2002,"Upland",14,"346",0,NA,0.131406249993299,938.414395078457,"burned",NA,NA,NA
"Maya",2,"-25",0,0,0,0,764,764,764,4711,4711,0,772.677406679764,1.4,4546.55675549672,72.1666186846708,0,0,0,0,0,0,4546.55675549672,72.1666186846708,NA,61.9555328937158,130.170788635319,0,140.79395,680.10128,56.7317281871755,"Yakutsk",2002,"Upland",0,"flat",0,NA,26.2774469999146,5355.55638236857,"unburned",NA,NA,NA
"Maya",2,"150",3979,3979,796,3183,127,2801,2928,382,1910,11937,1565.86628329848,1.6,296.900388336585,152.184501401577,29.878648027216,0,180.018618862958,0,6.73665306482554,0,80.266468381585,152.184501401577,1.65789473684211,61.9550297146286,130.167479914495,3.21466755523911,NA,756.5778,175.662826396975,"Yakutsk",2002,"Upland",0,"flat",0,NA,2.19292299999287,1384.54018369038,"burned",NA,NA,NA
"Maya",2,"25",1592,1592,4775,15915,0,3183,3183,1528,2546,23874,672.766807125072,3.3,420.237565482237,0,11.7951443757309,0,157.149835712201,0,0,0,251.292585394305,0,1.64444444444444,61.9554344588902,130.169793036918,190.241123753333,484.05945,2222.80672,553.312941766197,"Yakutsk",2002,"Upland",0,"flat",0,NA,2.97975399999032,3386.59835100177,"burned",NA,NA,NA
"Maya",2,"75",796,796,0,3183,127,2674,2674,1401,1655,4775,1204.95627616653,1.7,263.319428313867,214.075910022787,0,0,37.0627168984323,0,0,0,226.256711415435,214.075910022787,1.82352941176471,61.9552839480791,130.168874933716,35.8103171996998,456.72165,856.3024,1229.00909738624,"Yakutsk",2002,"Upland",0,"flat",0,NA,1.85765499999396,2598.51715292259,"burned",NA,NA,NA
"Maya",3,"25",2387,2387,0,0,0,5602,5602,0,0,4774,1555.07275297085,2.1,0,0,0,0,0,0,0,0,0,0,2.95454545454545,61.9668565272627,130.132484708928,209.408935142183,323.31982,1690.63512,1202.61461574146,"Yakutsk",2002,"Upland",0,"flat",0,NA,0,3102.65867088364,"burned",NA,NA,NA
"ROB",1,"-25",0,0,0,0,255,255,255,6621,7130,0,4065.74750961684,10.7,2804.55139878508,32.1474328875693,0,0,346.111236832925,0,0,0,2458.44016195215,32.1474328875693,NA,61.872700698083,130.479770357014,0,103.11466,238.59644,87.0131318601775,"Yakutsk",2002,"Upland",0,"flat",0,NA,17.6820189999426,3162.30840353283,"unburned",NA,NA,NA
"ROB",1,"150",36606,36606,0,66845,1989,2984,2984,1393,1393,140057,1560.77756990258,1.6,1646.80560441751,410.681588946503,0,0,0,0,0,0,1646.80560441751,410.681588946503,1.59090909090909,61.8740889625092,130.477828843428,0,538.15063,1121.89752,778.677737110767,"Yakutsk",2002,"Upland",0,"flat",0,NA,9.19575156203106,3958.06245047478,"burned",NA,NA,NA
"ROB",1,"25",110613,110613,0,45359,398,6963,6963,398,398,266585,2024.42622539228,3.7,43.3492814658221,26.5846465416701,0,0,0,0,0,0,43.3492814658221,26.5846465416701,2.83783783783784,61.8730785765235,130.479289640183,0,520.1393,1940.94208,534.273983203647,"Yakutsk",2002,"Upland",0,"flat",0,NA,0.321249999983618,2545.14999121114,"burned",NA,NA,NA
"ROB",1,"75",11937,11937,0,3183,223,637,764,286,414,27057,4779.47171914743,7.5,60.8236671726001,804.476741660581,0,0,13.2602365975244,378.195135990652,0,0,47.5634305750757,426.28160566993,1.83783783783784,61.8734745152968,130.478489740918,54.1852057098437,454.07016,367.79568,355.718485734948,"Yakutsk",2002,"Upland",0,"flat",0,NA,0.424347249944592,1642.99978027797,"burned",NA,NA,NA
"ROB",2,"-25",0,0,0,0,796,796,796,19298,19298,0,2338.03478890611,6.3,4161.09869397203,19.3924868706738,0,0,0,0,0,0,4161.09869397203,19.3924868706738,NA,61.8508718293053,130.424213199508,0,56.796135,536.38844,68.434260093638,"Yakutsk",2002,"Upland",0,"flat",0,NA,28.1294624985655,4785.31388093634,"unburned",NA,NA,NA
"ROB",2,"150",3979,3979,0,18303,597,2586,2586,995,2586,26261,3470.50052328992,3,2479.31041621779,236.976095380947,0,0,93.1771560939203,0,0,0,2386.13326012387,236.976095380947,1.30769230769231,61.8523880921912,130.42607590498,1.37912470970376,110.78322,1082.23328,715.846720351504,"Yakutsk",2002,"Upland",0,"flat",0,NA,13.0661109368337,4515.74563665994,"burned",NA,NA,NA
"ROB",2,"25",0,0,0,19894,127,3056,3183,1146,1401,19894,1855.27484531876,2.2,608.372444177484,630.192978093669,0,0,23.4304684656256,0,0,0,584.941975711858,630.192978093669,2.08333333333333,61.8512715597505,130.424718129347,0,185.96661,929.41748,778.225990432732,"Yakutsk",2002,"Upland",0,"flat",0,NA,3.59063499998833,2946.20889270388,"burned",NA,NA,NA
"ROB",2,"75",11937,11937,0,7958,398,5968,5968,3382,6167,31832,1042.47504597277,1.6,585.109058117465,299.615435200024,0,0,185.754182163861,0,0,0,399.354875953604,299.615435200024,1.40983606557377,61.8518210755221,130.425368357713,18.9725710483499,NA,871.88948,459.183694045982,"Yakutsk",2002,"Upland",0,"flat",0,NA,4.3631812497775,2234.77023841182,"burned",NA,NA,NA
"ROB",3,"-25",0,0,0,0,707,707,707,17330,21574,0,1436.00724102327,4.5,3989.91302302467,53.3212563991784,0,0,1524.91436446035,0,0,0,2464.99865856432,53.3212563991784,NA,61.856923812553,130.410609259115,0,308.6997,332.4498,0,"Yakutsk",2002,"Upland",0,"flat",0,NA,26.7924277799649,4375.68407942385,"unburned",NA,NA,NA
"ROB",3,"150",10345,10345,0,0,354,10257,14147,0,1415,20690,1131.09908595741,0.6,283.497852876198,9.15592148738649,0,0,283.497852876198,0,0,0,0,9.15592148738649,2.72727272727273,61.8574662769191,130.413492918644,4.1521834131593,473.46796,855.79292,0,"Yakutsk",2002,"Upland",0,"flat",0,NA,1.90850277793358,1152.59887777674,"burned",NA,NA,NA
"ROB",3,"25",66845,66845,0,8754,707,10610,10610,0,2829,142444,1302.06991230025,1.8,345.709033996964,58.3253181012339,0,0,345.709033996964,0,0,0,0,58.3253181012339,2.34210526315789,61.8570876664381,130.411415334703,0,467.79712,713.03136,0,"Yakutsk",2002,"Upland",0,"flat",0,NA,2.4601666668675,1117.0657120982,"burned",NA,NA,NA
"ROB",3,"75",55704,55704,0,796,1768,10964,12379,0,5305,112204,437.483097586204,0.4,829.580946709364,61.8098836693683,0,0,829.580946709364,0,0,0,0,61.8098836693683,2.06,61.8572228850038,130.412231528394,0,465.12985,629.33564,112.619272746602,"Yakutsk",2002,"Upland",0,"flat",0,NA,5.72489166713401,1633.34574312533,"burned",NA,NA,NA
"Shark",1,"-25a",0,0,0,0,1146,1146,1146,3565,3565,0,7125.9511013373,7,1632.6137201602,524.998180719373,NA,NA,NA,NA,NA,NA,NA,NA,NA,67.9951279889792,156.975228823721,1703.91174401674,71.93497,1015.38236,533.832682329855,"Cherskiy",2010,"Upland",26,"34",0,28.2442627,14.9960689999513,5410.73868722617,"unburned",NA,NA,NA
"Shark",1,"-25b",0,0,0,0,2037,2037,2037,8403,8403,0,11215.4375686274,7,1861.42659133123,107.620921638647,NA,NA,NA,NA,NA,NA,NA,NA,NA,67.9949339479207,156.975415321066,334.627164123548,189.03181,742.49096,75.0852410770797,"Cherskiy",2010,"Upland",28,"34",0,28.48461914,17.1406249999443,3121.25087817051,"unburned",NA,NA,NA
"Shark",1,"100",0,0,0,3183,2674,3183,3183,0,0,3183,5564.84210617929,5,0,1201.91483690827,NA,NA,NA,NA,NA,NA,NA,NA,1.92,67.9943477176129,156.972705367952,0,448.55365,366.11872,215.987465542009,"Cherskiy",2010,"Upland",NA,NA,NA,32.57019043,0,1784.02102245028,"burned",NA,NA,NA
"Shark",1,"25",0,0,0,1592,4966,5857,5857,0,0,1592,2934.26416666667,5,0,560.388055775556,NA,NA,NA,NA,NA,NA,NA,NA,2.56521739130435,67.9946974944323,156.974305389449,48.9982075292118,467.46228,433.06928,242.417342894488,"Cherskiy",2010,"Upland",16,"34",2,29.44592285,0,1284.87288619926,"burned",NA,NA,NA
"Shark",1,"50",0,0,0,0,6494,6621,6621,0,0,0,1490.09685672515,3,0,1221.41614732331,NA,NA,NA,NA,NA,NA,NA,NA,2.57692307692308,67.9945579357445,156.973759308457,7.10443291171828,420.72812,142.4946,0,"Cherskiy",2010,"Upland",15,"34",2,27.52319336,0,1371.01518023503,"burned",NA,NA,NA
"Shark",1,"75",0,0,0,3979,3438,3692,3692,0,0,3979,1701.25109504132,5,0,961.85403621887,NA,NA,NA,NA,NA,NA,NA,NA,2.44827586206897,67.9944666568189,156.973233344033,2.27396057840384,420.72812,528.562,93.1122951869843,"Cherskiy",2010,"Upland",15,"34",2,33.2911377,0,1585.80229198426,"burned",NA,NA,NA
"Shark",2,"-25",0,0,0,0,0,0,0,605,605,0,2573.4358974359,8,674.909706220719,0,NA,NA,NA,NA,NA,NA,NA,NA,NA,67.9937481600791,156.970696980133,227.246929342733,135.4832,474.27512,115.456578446561,"Cherskiy",2010,"Upland",9,"42",0,38.81860352,6.15737499919601,1491.88833401001,"unburned",NA,NA,NA
"Shark",2,"-50",0,0,0,0,0,0,0,446,446,0,1990.3853899139,4.5,697.205499972344,0,NA,NA,NA,NA,NA,NA,NA,NA,NA,67.9938619863241,156.970430351793,265.957087562053,293.22565,294.0978,0,"Cherskiy",2010,"Upland",13,"42",0,37.37670898,6.33927499917226,1257.2603875344,"unburned",NA,NA,NA
"Shark",2,"25",0,0,0,15120,4202,5348,5348,0,0,15120,2357.89178658537,2,0,944.023519401543,NA,NA,NA,NA,NA,NA,NA,NA,1.54761904761905,67.9933618381619,156.9711967092,13.2806087469199,188.11313,425.41768,46.6875264130191,"Cherskiy",2010,"Upland",14,"24",0,32.57019043,0,1429.40933456148,"burned",NA,NA,NA
"Shark",2,"50",0,0,0,1592,6366,8135,8135,0,0,1592,4125.62045693082,3,0,1424.10555477817,NA,NA,NA,NA,NA,NA,NA,NA,1.30434782608696,67.9932163283228,156.971536846831,94.0138627628329,377.0596,339.75924,0,"Cherskiy",2010,"Upland",13,"42",0,41.70251465,0,1857.878657541,"burned",NA,NA,NA
"Shark",3,"-25",0,0,0,0,32,32,32,446,446,0,2578.59642857143,6,815.45928981348,28.8700525888597,NA,NA,NA,NA,NA,NA,NA,NA,NA,67.9930851515382,156.923660505563,100.055504498004,298.40652,389.56796,364.533345074015,"Cherskiy",2010,"Upland",4,"4",0,40.02026367,7.36697499903807,1698.48615197436,"unburned",NA,NA,NA
"Shark",3,"-50",0,0,0,0,0,0,0,350,350,0,1014.05419491525,2,562.946122326064,0,NA,NA,NA,NA,NA,NA,NA,NA,NA,67.9931194335222,156.923230849206,286.72253400029,298.40652,314.101,447.866653194755,"Cherskiy",2010,"Upland",4,"4",0,35.69433594,5.06052499933923,1611.63630952111,"unburned",NA,NA,NA
"Shark",3,"100",0,0,0,0,446,477,477,0,0,0,1365.15633849558,5,0,783.12628868985,NA,NA,NA,NA,NA,NA,NA,NA,1.6,67.9929269012063,156.926571791991,39.5858985960541,516.8187,655.603,0,"Cherskiy",2010,"Upland",10,"340",0,36.89599609,0,1478.3151872859,"burned",NA,NA,NA
"Shark",3,"150",0,0,0,36606,3183,3183,3183,0,0,36606,1097.10055765921,3,0,2818.05589452063,NA,NA,NA,NA,NA,NA,NA,NA,1.66666666666667,67.9928074590861,156.927661858499,47.6149024991724,490.18842,393.4464,90.7673521656049,"Cherskiy",2010,"Upland",10,"0",0,40.50097656,0,3349.88454918541,"burned",NA,NA,NA
"Shark",3,"200",0,0,0,105042,4598,4951,4951,0,0,105042,NA,NA,0,1415.74331233829,NA,NA,NA,NA,NA,NA,NA,NA,1.14285714285714,67.9927258193492,156.928854770958,5.11644112433296,509.6608,486.54212,169.841147466711,"Cherskiy",2010,"Upland",10,"24",0,37.37670898,0,2077.24302092933,"burned",NA,NA,NA
"Shark",3,"25",0,0,0,948564,2674,3183,3183,0,0,948564,990.773150943396,2,0,2169.71905197131,NA,NA,NA,NA,NA,NA,NA,NA,1.4,67.9930516239255,156.924707489088,38.9949490061441,390.28467,64.766,257.846259342931,"Cherskiy",2010,"Upland",6,"4",NA,37.61694336,0,2531.32626032038,"burned",NA,NA,NA
"Shark",3,"300",0,0,0,3183,6013,6366,6366,0,0,3183,1097.95116788321,9,0,1411.99119615942,NA,NA,NA,NA,NA,NA,NA,NA,2.77777777777778,67.9925690777599,156.93111218512,11.4592868616615,457.4532,291.48272,277.365664017539,"Cherskiy",2010,"Upland",0,"flat",0,41.70251465,0,1992.29886703862,"burned",NA,NA,NA
"Shark",3,"400",0,0,0,796,6013,7074,7074,0,0,796,1009.08903771429,2,0,1933.02525406059,NA,NA,NA,NA,NA,NA,NA,NA,2.35,67.992421220988,156.933421818539,2.09970803290509,621.9544,507.30108,209.765839294035,"Cherskiy",2010,"Upland",0,"flat",0,44.58654785,0,2652.19188138753,"burned",NA,NA,NA
"Shark",3,"50",0,0,0,190986,7427,7781,7781,0,0,190986,1615.63578146422,5,0,3719.65018945435,NA,NA,NA,NA,NA,NA,NA,NA,1,67.9930189345031,156.925339652225,246.603244693495,320.69614,347.0292,235.28410844002,"Cherskiy",2010,"Upland",12,"4",0,34.97338867,0,4548.56674258786,"burned",NA,NA,NA
"Shark",3,"75",0,0,0,31035,3537,3537,3537,0,0,31035,1721.12826407767,4,0,2449.56687554148,NA,NA,NA,NA,NA,NA,NA,NA,1,67.9929792042821,156.925958320498,105.322847508307,464.6473,510.843,142.365352000759,"Cherskiy",2010,"Upland",12,"4",0,36.65576172,0,3208.09807505055,"burned",NA,NA,NA
"FRK",1,"100",NA,NA,NA,NA,367,NA,NA,3244,3708,NA,NA,NA,2770.37047047353,199.390329508368,NA,NA,373.170034438929,NA,8.88306718165616,NA,2593.9073306231,NA,NA,NA,NA,NA,NA,NA,NA,"Yakutsk",NA,NA,NA,NA,NA,NA,NA,NA,"pre-burn",2975.96043224368,0.930916433047077,0.0670003294896095
"FRK",1,"150",NA,NA,NA,NA,321,NA,NA,1854,3244,NA,NA,NA,9626.81786627227,692.865595750079,NA,NA,94.2974234546191,NA,8.049122023686,NA,10238.8801474073,NA,NA,NA,NA,NA,NA,NA,NA,"Yakutsk",NA,NA,NA,NA,NA,NA,NA,NA,"pre-burn",10341.2266928856,0.930916433047077,0.0670003294896095
"FRK",1,"200",NA,NA,NA,NA,573,NA,NA,2549,5793,NA,NA,NA,2271.73023055414,163.501973491252,NA,NA,749.800877225347,NA,45.0731742385231,NA,1645.44191021521,NA,NA,NA,NA,NA,NA,NA,NA,"Yakutsk",NA,NA,NA,NA,NA,NA,NA,NA,"pre-burn",2440.31596167908,0.930916433047077,0.0670003294896095
"FRK",1,"25",NA,NA,NA,NA,768,NA,NA,7647,7763,NA,NA,NA,1731.17906567068,124.597185835245,NA,NA,NA,NA,5.18177291295327,NA,1854.46857185987,NA,NA,NA,NA,NA,NA,NA,NA,"Yakutsk",NA,NA,NA,NA,NA,NA,NA,NA,"pre-burn",1859.65034477282,0.930916433047077,0.0670003294896095
"FRK",1,"50",NA,NA,NA,NA,539,NA,NA,4403,5446,NA,NA,NA,1788.02723424762,128.68868738181,NA,NA,NA,NA,85.8851676819307,NA,1834.83206404105,NA,NA,NA,NA,NA,NA,NA,NA,"Yakutsk",NA,NA,NA,NA,NA,NA,NA,NA,"pre-burn",1920.71723172298,0.930916433047077,0.0670003294896095
"FRK",1,"75",NA,NA,NA,NA,814,NA,NA,6257,8226,NA,NA,NA,2481.78336767117,178.620010833338,4.62340131330699,NA,154.470488644145,NA,71.8580959708781,NA,2435.00521449168,NA,NA,NA,NA,NA,NA,NA,NA,"Yakutsk",NA,NA,NA,NA,NA,NA,NA,NA,"pre-burn",2665.95720042001,0.930916433047077,0.0670003294896095
"FRK",3,"150",NA,NA,NA,NA,1182,NA,NA,9052,11949,NA,NA,NA,2541.50925415222,182.918628766412,17.7961472591424,NA,203.965633651994,NA,8.81767028394781,NA,2499.53591032384,NA,NA,NA,NA,NA,NA,NA,NA,"Yakutsk",NA,NA,NA,NA,NA,NA,NA,NA,"pre-burn",2730.11536151892,0.930916433047077,0.0670003294896095
"FRK",3,"25",NA,NA,NA,NA,430,NA,NA,3259,4345,NA,NA,NA,743.557465293951,53.5156469481233,11.3682404766874,NA,70.0211038468682,NA,NA,NA,717.347726908647,NA,NA,NA,NA,NA,NA,NA,NA,"Yakutsk",NA,NA,NA,NA,NA,NA,NA,NA,"pre-burn",798.737071232203,0.930916433047077,0.0670003294896095
"FRK",3,"75",NA,NA,NA,NA,770,NA,NA,6698,7785,NA,NA,NA,1301.88986776142,93.7001937044846,47.2923070308238,NA,NA,NA,6.7562892239843,NA,1344.4548800455,NA,NA,NA,NA,NA,NA,NA,NA,"Yakutsk",NA,NA,NA,NA,NA,NA,NA,NA,"pre-burn",1398.5034763003,0.930916433047077,0.0670003294896095
"Korova",1,"150",NA,NA,NA,NA,824,NA,NA,7785,8328,NA,NA,NA,1704.02421537819,0,NA,NA,49.0615699712908,NA,NA,NA,1654.9626454069,NA,NA,NA,NA,NA,NA,NA,NA,"Yakutsk",NA,NA,NA,NA,NA,NA,NA,NA,"pre-burn",1704.02421537819,0.999999999999999,0
"Korova",1,"25",NA,NA,NA,NA,716,NA,NA,6698,7242,NA,NA,NA,1160.91846278647,0,NA,NA,60.9435541732454,NA,NA,NA,1099.97490861322,NA,NA,NA,NA,NA,NA,NA,NA,"Yakutsk",NA,NA,NA,NA,NA,NA,NA,NA,"pre-burn",1160.91846278647,0.999999999999999,0
"Korova",1,"75",NA,NA,NA,NA,376,NA,NA,3621,3802,NA,NA,NA,1015.74236371553,0,NA,NA,17.233363108323,NA,NA,NA,998.509000607209,NA,NA,NA,NA,NA,NA,NA,NA,"Yakutsk",NA,NA,NA,NA,NA,NA,NA,NA,"pre-burn",1015.74236371553,0.999999999999999,0
"Maya",2,"150",NA,NA,NA,NA,435,NA,NA,2897,4403,NA,NA,NA,4844.70749929842,48.4440299814127,29.878648027216,NA,190.035526546959,NA,6.73665306482554,NA,4669.34816225065,NA,NA,NA,NA,NA,NA,NA,NA,"Yakutsk",NA,NA,NA,NA,NA,NA,NA,NA,"pre-burn",4895.99898988965,0.989523794694984,0.00989461600818357
"Maya",2,"25",NA,NA,NA,NA,516,NA,NA,4287,5214,NA,NA,NA,2065.88078338237,20.657509379605,11.7951443757309,NA,157.149835712201,NA,NA,NA,1918.80752718671,NA,NA,NA,NA,NA,NA,NA,NA,"Yakutsk",NA,NA,NA,NA,NA,NA,NA,NA,"pre-burn",2087.75250727464,0.989523794694984,0.00989461600818357
"Maya",2,"75",NA,NA,NA,NA,390,NA,NA,3708,3939,NA,NA,NA,3764.9752322129,37.6473859474511,NA,NA,37.0627168984323,NA,NA,NA,3767.77275284733,NA,NA,NA,NA,NA,NA,NA,NA,"Yakutsk",NA,NA,NA,NA,NA,NA,NA,NA,"pre-burn",3804.83546974576,0.989523794694984,0.00989461600818357
"Maya",3,"25",NA,NA,NA,NA,504,NA,NA,5098,5098,NA,NA,NA,4036.96917563123,40.367154427102,NA,NA,NA,NA,NA,NA,4079.7090451732,NA,NA,NA,NA,NA,NA,NA,NA,"Yakutsk",NA,NA,NA,NA,NA,NA,NA,NA,"pre-burn",4079.7090451732,0.989523794694984,0.00989461600818357
"ROB",1,"150",NA,NA,NA,NA,394,NA,NA,3983,3983,NA,NA,NA,2719.63271259966,26.6925640001441,NA,NA,NA,NA,NA,NA,2747.14753761841,NA,NA,NA,NA,NA,NA,NA,NA,"Yakutsk",NA,NA,NA,NA,NA,NA,NA,NA,"pre-burn",2747.14753761841,0.989984220125793,0.00971646540079342
"ROB",1,"25",NA,NA,NA,NA,662,NA,NA,6698,6698,NA,NA,NA,2342.0393923667,22.9865731802621,NA,NA,NA,NA,NA,NA,2365.73406399256,NA,NA,NA,NA,NA,NA,NA,NA,"Yakutsk",NA,NA,NA,NA,NA,NA,NA,NA,"pre-burn",2365.73406399256,0.989984220125793,0.00971646540079342
"ROB",1,"75",NA,NA,NA,NA,106,NA,NA,840,1072,NA,NA,NA,2056.82554629158,20.1872654631513,NA,NA,483.089210040129,NA,NA,NA,1594.54546784416,NA,NA,NA,NA,NA,NA,NA,NA,"Yakutsk",NA,NA,NA,NA,NA,NA,NA,NA,"pre-burn",2077.63467788429,0.989984220125793,0.00971646540079342
"ROB",2,"150",NA,NA,NA,NA,466,NA,NA,3259,4707,NA,NA,NA,5746.62312530416,56.401772506356,NA,NA,93.1771560939203,NA,NA,NA,5711.58519110184,NA,NA,NA,NA,NA,NA,NA,NA,"Yakutsk",NA,NA,NA,NA,NA,NA,NA,NA,"pre-burn",5804.76234719576,0.989984220125793,0.00971646540079342
"ROB",2,"25",NA,NA,NA,NA,413,NA,NA,3824,4171,NA,NA,NA,4292.41735179225,42.1290802788303,NA,NA,28.7183269957217,NA,NA,NA,4307.12588600278,NA,NA,NA,NA,NA,NA,NA,NA,"Yakutsk",NA,NA,NA,NA,NA,NA,NA,NA,"pre-burn",4335.8442129985,0.989984220125793,0.00971646540079342
"ROB",2,"75",NA,NA,NA,NA,1092,NA,NA,8509,11043,NA,NA,NA,1700.6954898012,16.6919315964845,NA,NA,185.754182163861,NA,NA,NA,1532.14743205086,NA,NA,NA,NA,NA,NA,NA,NA,"Yakutsk",NA,NA,NA,NA,NA,NA,NA,NA,"pre-burn",1717.90161421472,0.989984220125793,0.00971646540079342
"ROB",3,"150",NA,NA,NA,NA,1401,NA,NA,9334,14161,NA,NA,NA,1411.84866263874,13.8569670130123,NA,NA,637.793154417579,NA,NA,NA,788.339337329963,NA,NA,NA,NA,NA,NA,NA,NA,"Yakutsk",NA,NA,NA,NA,NA,NA,NA,NA,"pre-burn",1426.13249174754,0.989984220125793,0.00971646540079342
"ROB",3,"25",NA,NA,NA,NA,1210,NA,NA,9655,12230,NA,NA,NA,1233.58107886654,12.107312044183,NA,NA,345.709033996964,NA,NA,NA,900.352321112103,NA,NA,NA,NA,NA,NA,NA,NA,"Yakutsk",NA,NA,NA,NA,NA,NA,NA,NA,"pre-burn",1246.06135510907,0.989984220125793,0.00971646540079342
"ROB",3,"75",NA,NA,NA,NA,1592,NA,NA,9977,16092,NA,NA,NA,2015.11409101967,19.7778772085438,NA,NA,1010.29701985928,NA,NA,NA,1025.20420334569,NA,NA,NA,NA,NA,NA,NA,NA,"Yakutsk",NA,NA,NA,NA,NA,NA,NA,NA,"pre-burn",2035.50122320497,0.989984220125793,0.00971646540079342
"Alnus",1,"100",NA,NA,NA,NA,1094,NA,NA,3879,3879,NA,NA,NA,4894.9669451742,1050.51121349729,NA,NA,NA,NA,NA,NA,NA,NA,NA,NA,NA,NA,NA,NA,NA,"Cherskiy",NA,NA,NA,NA,NA,NA,NA,NA,"pre-burn",5991.12771929716,0.81703598629816,0.175344486500203
"Alnus",1,"150",NA,NA,NA,NA,3764,NA,NA,13345,13345,NA,NA,NA,5245.05732079803,1125.64427761183,NA,NA,NA,NA,NA,NA,NA,NA,NA,NA,NA,NA,NA,NA,NA,"Cherskiy",NA,NA,NA,NA,NA,NA,NA,NA,"pre-burn",6419.61603743113,0.81703598629816,0.175344486500203
"Alnus",1,"200",NA,NA,NA,NA,1444,NA,NA,5121,5121,NA,NA,NA,4946.825262242,1061.64055189794,NA,NA,NA,NA,NA,NA,NA,NA,NA,NA,NA,NA,NA,NA,NA,"Cherskiy",NA,NA,NA,NA,NA,NA,NA,NA,"pre-burn",6054.59899588408,0.81703598629816,0.175344486500203
"Alnus",1,"25",NA,NA,NA,NA,1849,NA,NA,6555,6555,NA,NA,NA,327.251373038367,70.2315747705128,NA,NA,NA,NA,NA,NA,NA,NA,NA,NA,NA,NA,NA,NA,NA,"Cherskiy",NA,NA,NA,NA,NA,NA,NA,NA,"pre-burn",400.534833870762,0.81703598629816,0.175344486500203
"Alnus",1,"50",NA,NA,NA,NA,3326,NA,NA,11793,11793,NA,NA,NA,4562.70624507668,979.204584634147,NA,NA,NA,NA,NA,NA,NA,NA,NA,NA,NA,NA,NA,NA,NA,"Cherskiy",NA,NA,NA,NA,NA,NA,NA,NA,"pre-burn",5584.46178821262,0.81703598629816,0.175344486500203
"Alnus",1,"75",NA,NA,NA,NA,3020,NA,NA,10707,10707,NA,NA,NA,4343.28186248016,932.113812211339,NA,NA,NA,NA,NA,NA,NA,NA,NA,NA,NA,NA,NA,NA,NA,"Cherskiy",NA,NA,NA,NA,NA,NA,NA,NA,"pre-burn",5315.90032179461,0.81703598629816,0.175344486500203
"ANS",1,"100",NA,NA,NA,NA,308,NA,NA,1092,1092,NA,NA,NA,649.862011691079,150.107365662706,NA,NA,NA,NA,NA,NA,NA,NA,NA,NA,NA,NA,NA,NA,NA,"Cherskiy",NA,NA,NA,NA,NA,NA,NA,NA,"pre-burn",805.329418773127,0.806951784626354,0.186392502451215
"ANS",1,"150",NA,NA,NA,NA,1008,NA,NA,3575,3575,NA,NA,NA,303.858958385444,70.1863887343745,NA,NA,NA,NA,NA,NA,NA,NA,NA,NA,NA,NA,NA,NA,NA,"Cherskiy",NA,NA,NA,NA,NA,NA,NA,NA,"pre-burn",376.551566245239,0.806951784626354,0.186392502451215
"ANS",1,"25",NA,NA,NA,NA,644,NA,NA,2284,2284,NA,NA,NA,1668.26173934483,385.340842246331,NA,NA,NA,NA,NA,NA,NA,NA,NA,NA,NA,NA,NA,NA,NA,"Cherskiy",NA,NA,NA,NA,NA,NA,NA,NA,"pre-burn",2067.36235191213,0.806951784626354,0.186392502451215
"ANS",1,"250",NA,NA,NA,NA,420,NA,NA,1490,1490,NA,NA,NA,1015.53173731691,234.571018297921,NA,NA,NA,NA,NA,NA,NA,NA,NA,NA,NA,NA,NA,NA,NA,"Cherskiy",NA,NA,NA,NA,NA,NA,NA,NA,"pre-burn",1258.47882942242,0.806951784626354,0.186392502451215
"ANS",1,"50",NA,NA,NA,NA,448,NA,NA,1589,1589,NA,NA,NA,1262.26834774898,291.563090365844,NA,NA,NA,NA,NA,NA,NA,NA,NA,NA,NA,NA,NA,NA,NA,"Cherskiy",NA,NA,NA,NA,NA,NA,NA,NA,"pre-burn",1564.24258771973,0.806951784626354,0.186392502451215
"ANS",1,"75",NA,NA,NA,NA,504,NA,NA,1788,1788,NA,NA,NA,1527.31589784365,352.784686342096,NA,NA,NA,NA,NA,NA,NA,NA,NA,NA,NA,NA,NA,NA,NA,"Cherskiy",NA,NA,NA,NA,NA,NA,NA,NA,"pre-burn",1892.697837642,0.806951784626354,0.186392502451215
"ANS",2,"100",NA,NA,NA,NA,224,NA,NA,795,795,NA,NA,NA,74.1022851875154,17.1164010497233,NA,NA,NA,NA,NA,NA,NA,NA,NA,NA,NA,NA,NA,NA,NA,"Cherskiy",NA,NA,NA,NA,NA,NA,NA,NA,"pre-burn",91.8298795532465,0.806951784626354,0.186392502451215
"ANS",2,"150",NA,NA,NA,NA,140,NA,NA,497,497,NA,NA,NA,40.5134391084623,9.35793369839038,NA,NA,NA,NA,NA,NA,NA,NA,NA,NA,NA,NA,NA,NA,NA,"Cherskiy",NA,NA,NA,NA,NA,NA,NA,NA,"pre-burn",50.2055263775411,0.806951784626354,0.186392502451215
"ANS",2,"200",NA,NA,NA,NA,924,NA,NA,3277,3277,NA,NA,NA,712.753380510334,164.634230637954,NA,NA,NA,NA,NA,NA,NA,NA,NA,NA,NA,NA,NA,NA,NA,"Cherskiy",NA,NA,NA,NA,NA,NA,NA,NA,"pre-burn",883.266378598273,0.806951784626354,0.186392502451215
"ANS",2,"25",NA,NA,NA,NA,224,NA,NA,795,795,NA,NA,NA,315.103942446464,72.7837938818555,NA,NA,NA,NA,NA,NA,NA,NA,NA,NA,NA,NA,NA,NA,NA,"Cherskiy",NA,NA,NA,NA,NA,NA,NA,NA,"pre-burn",390.486703728362,0.806951784626354,0.186392502451215
"ANS",2,"50",NA,NA,NA,NA,168,NA,NA,596,596,NA,NA,NA,168.324740991567,38.8802284047221,NA,NA,NA,NA,NA,NA,NA,NA,NA,NA,NA,NA,NA,NA,NA,"Cherskiy",NA,NA,NA,NA,NA,NA,NA,NA,"pre-burn",208.593306562308,0.806951784626354,0.186392502451215
"ANS",2,"75",NA,NA,NA,NA,112,NA,NA,397,397,NA,NA,NA,147.623841040795,34.0986632377236,NA,NA,NA,NA,NA,NA,NA,NA,NA,NA,NA,NA,NA,NA,NA,"Cherskiy",NA,NA,NA,NA,NA,NA,NA,NA,"pre-burn",182.940101073263,0.806951784626354,0.186392502451215
"ANS",3,"100",NA,NA,NA,NA,420,NA,NA,1490,1490,NA,NA,NA,131.388153522335,30.3484882170649,NA,NA,NA,NA,NA,NA,NA,NA,NA,NA,NA,NA,NA,NA,NA,"Cherskiy",NA,NA,NA,NA,NA,NA,NA,NA,"pre-burn",162.820327094477,0.806951784626354,0.186392502451215
"ANS",3,"150",NA,NA,NA,NA,504,NA,NA,1788,1788,NA,NA,NA,578.419416395486,133.605308944508,NA,NA,NA,NA,NA,NA,NA,NA,NA,NA,NA,NA,NA,NA,NA,"Cherskiy",NA,NA,NA,NA,NA,NA,NA,NA,"pre-burn",716.795510481848,0.806951784626354,0.186392502451215
"ANS",3,"200",NA,NA,NA,NA,672,NA,NA,2384,2384,NA,NA,NA,425.652490135011,98.3186781693434,NA,NA,NA,NA,NA,NA,NA,NA,NA,NA,NA,NA,NA,NA,NA,"Cherskiy",NA,NA,NA,NA,NA,NA,NA,NA,"pre-burn",527.481936646441,0.806951784626354,0.186392502451215
"ANS",3,"25",NA,NA,NA,NA,560,NA,NA,1986,1986,NA,NA,NA,530.169758200982,122.460436717162,NA,NA,NA,NA,NA,NA,NA,NA,NA,NA,NA,NA,NA,NA,NA,"Cherskiy",NA,NA,NA,NA,NA,NA,NA,NA,"pre-burn",657.003018397771,0.806951784626354,0.186392502451215
"ANS",3,"50",NA,NA,NA,NA,896,NA,NA,3178,3178,NA,NA,NA,757.888649662741,175.059730558029,NA,NA,NA,NA,NA,NA,NA,NA,NA,NA,NA,NA,NA,NA,NA,"Cherskiy",NA,NA,NA,NA,NA,NA,NA,NA,"pre-burn",939.199421950184,0.806951784626354,0.186392502451215
"ANS",3,"75",NA,NA,NA,NA,896,NA,NA,3178,3178,NA,NA,NA,764.214751636531,176.520955379785,NA,NA,NA,NA,NA,NA,NA,NA,NA,NA,NA,NA,NA,NA,NA,"Cherskiy",NA,NA,NA,NA,NA,NA,NA,NA,"pre-burn",947.038926235709,0.806951784626354,0.186392502451215
"BP",1,"100",NA,NA,NA,NA,140,NA,NA,497,497,NA,NA,NA,969.415585705863,328.593197452447,NA,NA,NA,NA,NA,NA,NA,NA,NA,NA,NA,NA,NA,NA,NA,"Cherskiy",NA,NA,NA,NA,NA,NA,NA,NA,"pre-burn",1331.8822649155,0.72785381354062,0.246713396602886
"BP",1,"150",NA,NA,NA,NA,420,NA,NA,1490,1490,NA,NA,NA,555.654702129434,188.344769719431,NA,NA,NA,NA,NA,NA,NA,NA,NA,NA,NA,NA,NA,NA,NA,"Cherskiy",NA,NA,NA,NA,NA,NA,NA,NA,"pre-burn",763.41525151386,0.72785381354062,0.246713396602886
"BP",1,"200",NA,NA,NA,NA,308,NA,NA,1092,1092,NA,NA,NA,475.845727875323,161.292712353896,NA,NA,NA,NA,NA,NA,NA,NA,NA,NA,NA,NA,NA,NA,NA,"Cherskiy",NA,NA,NA,NA,NA,NA,NA,NA,"pre-burn",653.765521349112,0.72785381354062,0.246713396602886
"BP",1,"25",NA,NA,NA,NA,420,NA,NA,1490,1490,NA,NA,NA,687.671319594406,233.093134702737,NA,NA,NA,NA,NA,NA,NA,NA,NA,NA,NA,NA,NA,NA,NA,"Cherskiy",NA,NA,NA,NA,NA,NA,NA,NA,"pre-burn",944.79318072025,0.72785381354062,0.246713396602886
"BP",1,"50",NA,NA,NA,NA,308,NA,NA,1092,1092,NA,NA,NA,855.435853229157,289.958616689002,NA,NA,NA,NA,NA,NA,NA,NA,NA,NA,NA,NA,NA,NA,NA,"Cherskiy",NA,NA,NA,NA,NA,NA,NA,NA,"pre-burn",1175.28525277338,0.72785381354062,0.246713396602886
"BP",1,"75",NA,NA,NA,NA,140,NA,NA,497,497,NA,NA,NA,601.52259615004,203.892155359684,NA,NA,NA,NA,NA,NA,NA,NA,NA,NA,NA,NA,NA,NA,NA,"Cherskiy",NA,NA,NA,NA,NA,NA,NA,NA,"pre-burn",826.433254809718,0.72785381354062,0.246713396602886
"BP",2,"100",NA,NA,NA,NA,252,NA,NA,894,894,NA,NA,NA,671.703805074214,227.680784489967,NA,NA,NA,NA,NA,NA,NA,NA,NA,NA,NA,NA,NA,NA,NA,"Cherskiy",NA,NA,NA,NA,NA,NA,NA,NA,"pre-burn",922.855376420622,0.72785381354062,0.246713396602886
"BP",2,"150",NA,NA,NA,NA,504,NA,NA,1788,1788,NA,NA,NA,709.529358780149,240.502137706185,NA,NA,NA,NA,NA,NA,NA,NA,NA,NA,NA,NA,NA,NA,NA,"Cherskiy",NA,NA,NA,NA,NA,NA,NA,NA,"pre-burn",974.823990175538,0.72785381354062,0.246713396602886
"BP",2,"200",NA,NA,NA,NA,476,NA,NA,1688,1688,NA,NA,NA,716.352328086847,242.814852019496,NA,NA,NA,NA,NA,NA,NA,NA,NA,NA,NA,NA,NA,NA,NA,"Cherskiy",NA,NA,NA,NA,NA,NA,NA,NA,"pre-burn",984.198083131798,0.72785381354062,0.246713396602886
"BP",2,"25",NA,NA,NA,NA,224,NA,NA,795,795,NA,NA,NA,1093.46859615606,370.642217458403,NA,NA,NA,NA,NA,NA,NA,NA,NA,NA,NA,NA,NA,NA,NA,"Cherskiy",NA,NA,NA,NA,NA,NA,NA,NA,"pre-burn",1502.31897643967,0.72785381354062,0.246713396602886
"BP",2,"50",NA,NA,NA,NA,700,NA,NA,2483,2483,NA,NA,NA,1216.92138921093,412.487787719995,NA,NA,NA,NA,NA,NA,NA,NA,NA,NA,NA,NA,NA,NA,NA,"Cherskiy",NA,NA,NA,NA,NA,NA,NA,NA,"pre-burn",1671.93104792742,0.72785381354062,0.246713396602886
"BP",2,"75",NA,NA,NA,NA,420,NA,NA,1490,1490,NA,NA,NA,889.256862953193,301.422589303182,NA,NA,NA,NA,NA,NA,NA,NA,NA,NA,NA,NA,NA,NA,NA,"Cherskiy",NA,NA,NA,NA,NA,NA,NA,NA,"pre-burn",1221.75201449785,0.72785381354062,0.246713396602886
"CN",1,"100",NA,NA,NA,NA,161,NA,NA,571,571,NA,NA,NA,371.582960541963,29.0420945089125,NA,NA,NA,NA,NA,NA,NA,NA,NA,NA,NA,NA,NA,NA,NA,"Cherskiy",NA,NA,NA,NA,NA,NA,NA,NA,"pre-burn",408.741945898558,0.909089376000041,0.0710523957727602
"CN",1,"150",NA,NA,NA,NA,91,NA,NA,323,323,NA,NA,NA,64.885539937272,5.07130892216265,NA,NA,NA,NA,NA,NA,NA,NA,NA,NA,NA,NA,NA,NA,NA,"Cherskiy",NA,NA,NA,NA,NA,NA,NA,NA,"pre-burn",71.374214296471,0.909089376000041,0.0710523957727602
"CN",1,"200",NA,NA,NA,NA,42,NA,NA,149,149,NA,NA,NA,96.5340257885738,7.54488391014623,NA,NA,NA,NA,NA,NA,NA,NA,NA,NA,NA,NA,NA,NA,NA,"Cherskiy",NA,NA,NA,NA,NA,NA,NA,NA,"pre-burn",106.187607442208,0.909089376000041,0.0710523957727602
"CN",1,"25",NA,NA,NA,NA,217,NA,NA,770,770,NA,NA,NA,335.534887658747,26.2246576221091,NA,NA,NA,NA,NA,NA,NA,NA,NA,NA,NA,NA,NA,NA,NA,"Cherskiy",NA,NA,NA,NA,NA,NA,NA,NA,"pre-burn",369.088998856292,0.909089376000041,0.0710523957727602
"CN",1,"50",NA,NA,NA,NA,336,NA,NA,1192,1192,NA,NA,NA,229.156546454066,17.9103639998676,NA,NA,NA,NA,NA,NA,NA,NA,NA,NA,NA,NA,NA,NA,NA,"Cherskiy",NA,NA,NA,NA,NA,NA,NA,NA,"pre-burn",252.072626194738,0.909089376000041,0.0710523957727602
"CN",1,"75",NA,NA,NA,NA,63,NA,NA,223,223,NA,NA,NA,157.72701877933,12.3275916078531,NA,NA,NA,NA,NA,NA,NA,NA,NA,NA,NA,NA,NA,NA,NA,"Cherskiy",NA,NA,NA,NA,NA,NA,NA,NA,"pre-burn",173.500013247677,0.909089376000041,0.0710523957727602
"CN",2,"100",NA,NA,NA,NA,532,NA,NA,1887,1887,NA,NA,NA,1298.64730608381,101.499373765744,NA,NA,NA,NA,NA,NA,NA,NA,NA,NA,NA,NA,NA,NA,NA,"Cherskiy",NA,NA,NA,NA,NA,NA,NA,NA,"pre-burn",1428.51444573889,0.909089376000041,0.0710523957727602
"CN",2,"150",NA,NA,NA,NA,336,NA,NA,1192,1192,NA,NA,NA,1007.23134049692,78.7229525820701,NA,NA,NA,NA,NA,NA,NA,NA,NA,NA,NA,NA,NA,NA,NA,"Cherskiy",NA,NA,NA,NA,NA,NA,NA,NA,"pre-burn",1107.95634300414,0.909089376000041,0.0710523957727602
"CN",2,"200",NA,NA,NA,NA,252,NA,NA,894,894,NA,NA,NA,1093.21980617719,85.4436190607491,NA,NA,NA,NA,NA,NA,NA,NA,NA,NA,NA,NA,NA,NA,NA,"Cherskiy",NA,NA,NA,NA,NA,NA,NA,NA,"pre-burn",1202.54381476474,0.909089376000041,0.0710523957727602
"CN",2,"25",NA,NA,NA,NA,1176,NA,NA,4171,4171,NA,NA,NA,964.432210998415,75.3778681842768,NA,NA,NA,NA,NA,NA,NA,NA,NA,NA,NA,NA,NA,NA,NA,"Cherskiy",NA,NA,NA,NA,NA,NA,NA,NA,"pre-burn",1060.87722116155,0.909089376000041,0.0710523957727602
"CN",2,"50",NA,NA,NA,NA,980,NA,NA,3476,3476,NA,NA,NA,398.641094815763,31.1568978671408,NA,NA,NA,NA,NA,NA,NA,NA,NA,NA,NA,NA,NA,NA,NA,"Cherskiy",NA,NA,NA,NA,NA,NA,NA,NA,"pre-burn",438.505943793743,0.909089376000041,0.0710523957727602
"CN",2,"75",NA,NA,NA,NA,105,NA,NA,372,372,NA,NA,NA,227.559166835888,17.7855163756114,NA,NA,NA,NA,NA,NA,NA,NA,NA,NA,NA,NA,NA,NA,NA,"Cherskiy",NA,NA,NA,NA,NA,NA,NA,NA,"pre-burn",250.315505651535,0.909089376000041,0.0710523957727602
"CN",3,"100",NA,NA,NA,NA,644,NA,NA,2284,2284,NA,NA,NA,638.362719649585,49.8930048029907,NA,NA,NA,NA,NA,NA,NA,NA,NA,NA,NA,NA,NA,NA,NA,"Cherskiy",NA,NA,NA,NA,NA,NA,NA,NA,"pre-burn",702.200175804888,0.909089376000041,0.0710523957727602
"CN",3,"150",NA,NA,NA,NA,3579,NA,NA,12690,12690,NA,NA,NA,1184.25575992395,92.5587859364489,NA,NA,NA,NA,NA,NA,NA,NA,NA,NA,NA,NA,NA,NA,NA,"Cherskiy",NA,NA,NA,NA,NA,NA,NA,NA,"pre-burn",1302.6835327618,0.909089376000041,0.0710523957727602
"CN",3,"200",NA,NA,NA,NA,1945,NA,NA,6897,6897,NA,NA,NA,911.507268352652,71.2413728402621,NA,NA,NA,NA,NA,NA,NA,NA,NA,NA,NA,NA,NA,NA,NA,"Cherskiy",NA,NA,NA,NA,NA,NA,NA,NA,"pre-burn",1002.65968607317,0.909089376000041,0.0710523957727602
"CN",3,"25",NA,NA,NA,NA,364,NA,NA,1291,1291,NA,NA,NA,298.028268599621,23.2932240229038,NA,NA,NA,NA,NA,NA,NA,NA,NA,NA,NA,NA,NA,NA,NA,"Cherskiy",NA,NA,NA,NA,NA,NA,NA,NA,"pre-burn",327.83164831486,0.909089376000041,0.0710523957727602
"CN",3,"50",NA,NA,NA,NA,168,NA,NA,596,596,NA,NA,NA,128.062098447404,10.0090476718702,NA,NA,NA,NA,NA,NA,NA,NA,NA,NA,NA,NA,NA,NA,NA,"Cherskiy",NA,NA,NA,NA,NA,NA,NA,NA,"pre-burn",140.868545852854,0.909089376000041,0.0710523957727602
"CN",3,"75",NA,NA,NA,NA,28,NA,NA,99,99,NA,NA,NA,NA,NA,NA,NA,NA,NA,NA,NA,NA,NA,NA,NA,NA,NA,NA,NA,NA,"Cherskiy",NA,NA,NA,NA,NA,NA,NA,NA,"pre-burn",NA,NA,NA
"FOC",1,"100",NA,NA,NA,NA,1092,NA,NA,3873,3873,NA,NA,NA,3852.10292794584,678.278584988062,NA,NA,NA,NA,NA,NA,NA,NA,NA,NA,NA,NA,NA,NA,NA,"Cherskiy",NA,NA,NA,NA,NA,NA,NA,NA,"pre-burn",4582.18419332051,0.840669594548619,0.148025167992329
"FOC",1,"150",NA,NA,NA,NA,644,NA,NA,2284,2284,NA,NA,NA,4911.64463093489,864.842770961796,NA,NA,NA,NA,NA,NA,NA,NA,NA,NA,NA,NA,NA,NA,NA,"Cherskiy",NA,NA,NA,NA,NA,NA,NA,NA,"pre-burn",5842.53868914112,0.840669594548619,0.148025167992329
"FOC",1,"200",NA,NA,NA,NA,756,NA,NA,2681,2681,NA,NA,NA,4319.07121284295,760.502397134021,NA,NA,NA,NA,NA,NA,NA,NA,NA,NA,NA,NA,NA,NA,NA,"Cherskiy",NA,NA,NA,NA,NA,NA,NA,NA,"pre-burn",5137.65603139482,0.840669594548619,0.148025167992329
"FOC",1,"25",NA,NA,NA,NA,532,NA,NA,1887,1887,NA,NA,NA,4245.72243141022,747.587137959645,NA,NA,NA,NA,NA,NA,NA,NA,NA,NA,NA,NA,NA,NA,NA,"Cherskiy",NA,NA,NA,NA,NA,NA,NA,NA,"pre-burn",5050.40560398747,0.840669594548619,0.148025167992329
"FOC",1,"50",NA,NA,NA,NA,392,NA,NA,1390,1390,NA,NA,NA,3063.56685415887,539.433091411005,NA,NA,NA,NA,NA,NA,NA,NA,NA,NA,NA,NA,NA,NA,NA,"Cherskiy",NA,NA,NA,NA,NA,NA,NA,NA,"pre-burn",3644.19847467398,0.840669594548619,0.148025167992329
"FOC",1,"75",NA,NA,NA,NA,364,NA,NA,1291,1291,NA,NA,NA,3336.6993327708,587.526279618199,NA,NA,NA,NA,NA,NA,NA,NA,NA,NA,NA,NA,NA,NA,NA,"Cherskiy",NA,NA,NA,NA,NA,NA,NA,NA,"pre-burn",3969.09719871857,0.840669594548619,0.148025167992329
"FOC",2,"100",NA,NA,NA,NA,1867,NA,NA,6621,6621,NA,NA,NA,160.848510447174,28.322218306281,NA,NA,NA,NA,NA,NA,NA,NA,NA,NA,NA,NA,NA,NA,NA,"Cherskiy",NA,NA,NA,NA,NA,NA,NA,NA,"pre-burn",191.333802828373,0.840669594548619,0.148025167992329
"FOC",2,"150",NA,NA,NA,NA,1790,NA,NA,6345,6345,NA,NA,NA,1388.80681292785,244.541212297463,NA,NA,NA,NA,NA,NA,NA,NA,NA,NA,NA,NA,NA,NA,NA,"Cherskiy",NA,NA,NA,NA,NA,NA,NA,NA,"pre-burn",1652.024555109,0.840669594548619,0.148025167992329
"FOC",2,"200",NA,NA,NA,NA,2023,NA,NA,7173,7173,NA,NA,NA,567.523103124103,99.9295124079984,NA,NA,NA,NA,NA,NA,NA,NA,NA,NA,NA,NA,NA,NA,NA,"Cherskiy",NA,NA,NA,NA,NA,NA,NA,NA,"pre-burn",675.084607322837,0.840669594548619,0.148025167992329
"FOC",2,"25",NA,NA,NA,NA,1712,NA,NA,6069,6069,NA,NA,NA,137.344727555504,24.1836703754942,NA,NA,NA,NA,NA,NA,NA,NA,NA,NA,NA,NA,NA,NA,NA,"Cherskiy",NA,NA,NA,NA,NA,NA,NA,NA,"pre-burn",163.375395572917,0.840669594548619,0.148025167992329
"FOC",2,"50",NA,NA,NA,NA,1790,NA,NA,6345,6345,NA,NA,NA,2459.51622561634,433.071809468973,NA,NA,NA,NA,NA,NA,NA,NA,NA,NA,NA,NA,NA,NA,NA,"Cherskiy",NA,NA,NA,NA,NA,NA,NA,NA,"pre-burn",2925.66335402785,0.840669594548619,0.148025167992329
"FOC",2,"75",NA,NA,NA,NA,2256,NA,NA,8000,8000,NA,NA,NA,374.943803322685,66.0201342292194,NA,NA,NA,NA,NA,NA,NA,NA,NA,NA,NA,NA,NA,NA,NA,"Cherskiy",NA,NA,NA,NA,NA,NA,NA,NA,"pre-burn",446.006142905649,0.840669594548619,0.148025167992329
"FU",2,"100",NA,NA,NA,NA,1401,NA,NA,4966,4966,NA,NA,NA,1424.92942550488,300.61479068641,NA,NA,NA,NA,NA,NA,NA,NA,NA,NA,NA,NA,NA,NA,NA,"Cherskiy",NA,NA,NA,NA,NA,NA,NA,NA,"pre-burn",1754.6206169904,0.812101152640607,0.17132751534747
"FU",2,"150",NA,NA,NA,NA,280,NA,NA,993,993,NA,NA,NA,1246.91108416085,263.058582313132,NA,NA,NA,NA,NA,NA,NA,NA,NA,NA,NA,NA,NA,NA,NA,"Cherskiy",NA,NA,NA,NA,NA,NA,NA,NA,"pre-burn",1535.41351358316,0.812101152640607,0.17132751534747
"FU",2,"200",NA,NA,NA,NA,1556,NA,NA,5517,5517,NA,NA,NA,1556.77116239339,328.429204108626,NA,NA,NA,NA,NA,NA,NA,NA,NA,NA,NA,NA,NA,NA,NA,"Cherskiy",NA,NA,NA,NA,NA,NA,NA,NA,"pre-burn",1916.96706417844,0.812101152640607,0.17132751534747
"FU",2,"25",NA,NA,NA,NA,2045,NA,NA,7250,7250,NA,NA,NA,2722.51635700102,574.364365105456,NA,NA,NA,NA,NA,NA,NA,NA,NA,NA,NA,NA,NA,NA,NA,"Cherskiy",NA,NA,NA,NA,NA,NA,NA,NA,"pre-burn",3352.43503613874,0.812101152640607,0.17132751534747
"FU",2,"50",NA,NA,NA,NA,1556,NA,NA,5517,5517,NA,NA,NA,3071.06681844038,647.897427258425,NA,NA,NA,NA,NA,NA,NA,NA,NA,NA,NA,NA,NA,NA,NA,"Cherskiy",NA,NA,NA,NA,NA,NA,NA,NA,"pre-burn",3781.63090700534,0.812101152640607,0.17132751534747
"FU",2,"75",NA,NA,NA,NA,1323,NA,NA,4690,4690,NA,NA,NA,1960.83990212361,413.674857291682,NA,NA,NA,NA,NA,NA,NA,NA,NA,NA,NA,NA,NA,NA,NA,"Cherskiy",NA,NA,NA,NA,NA,NA,NA,NA,"pre-burn",2414.52668272639,0.812101152640607,0.17132751534747
"FU",3,"100",NA,NA,NA,NA,2568,NA,NA,9104,9104,NA,NA,NA,189.605056594524,40.0006367901712,NA,NA,NA,NA,NA,NA,NA,NA,NA,NA,NA,NA,NA,NA,NA,"Cherskiy",NA,NA,NA,NA,NA,NA,NA,NA,"pre-burn",233.474679820376,0.812101152640607,0.17132751534747
"FU",3,"150",NA,NA,NA,NA,2957,NA,NA,10483,10483,NA,NA,NA,1333.12836591564,281.247686730765,NA,NA,NA,NA,NA,NA,NA,NA,NA,NA,NA,NA,NA,NA,NA,"Cherskiy",NA,NA,NA,NA,NA,NA,NA,NA,"pre-burn",1641.57920670457,0.812101152640607,0.17132751534747
"FU",3,"200",NA,NA,NA,NA,1556,NA,NA,5517,5517,NA,NA,NA,1193.47832338544,251.785969151532,NA,NA,NA,NA,NA,NA,NA,NA,NA,NA,NA,NA,NA,NA,NA,"Cherskiy",NA,NA,NA,NA,NA,NA,NA,NA,"pre-burn",1469.61781731839,0.812101152640607,0.17132751534747
"FU",3,"25",NA,NA,NA,NA,2101,NA,NA,7448,7448,NA,NA,NA,2345.14897917543,494.751850080912,NA,NA,NA,NA,NA,NA,NA,NA,NA,NA,NA,NA,NA,NA,NA,"Cherskiy",NA,NA,NA,NA,NA,NA,NA,NA,"pre-burn",2887.7547723581,0.812101152640607,0.17132751534747
"FU",3,"50",NA,NA,NA,NA,2723,NA,NA,9655,9655,NA,NA,NA,1481.18393710787,312.48270353038,NA,NA,NA,NA,NA,NA,NA,NA,NA,NA,NA,NA,NA,NA,NA,"Cherskiy",NA,NA,NA,NA,NA,NA,NA,NA,"pre-burn",1823.89094300838,0.812101152640607,0.17132751534747
"FU",3,"75",NA,NA,NA,NA,1634,NA,NA,5793,5793,NA,NA,NA,899.357418264435,189.735812317891,NA,NA,NA,NA,NA,NA,NA,NA,NA,NA,NA,NA,NA,NA,NA,"Cherskiy",NA,NA,NA,NA,NA,NA,NA,NA,"pre-burn",1107.44507053106,0.812101152640607,0.17132751534747
"Gonzo",1,"100",NA,NA,NA,NA,1478,NA,NA,5242,5242,NA,NA,NA,558.952162986915,202.20394414187,NA,NA,NA,NA,NA,NA,NA,NA,NA,NA,NA,NA,NA,NA,NA,"Cherskiy",NA,NA,NA,NA,NA,NA,NA,NA,"pre-burn",826.978922716134,0.675896504291899,0.244509187099655
"Gonzo",1,"150",NA,NA,NA,NA,2490,NA,NA,8828,8828,NA,NA,NA,649.737665516387,235.046086811583,NA,NA,NA,NA,NA,NA,NA,NA,NA,NA,NA,NA,NA,NA,NA,"Cherskiy",NA,NA,NA,NA,NA,NA,NA,NA,"pre-burn",961.297567587041,0.675896504291899,0.244509187099655
"Gonzo",1,"200",NA,NA,NA,NA,1012,NA,NA,3586,3586,NA,NA,NA,382.769046106176,138.468756260814,NA,NA,NA,NA,NA,NA,NA,NA,NA,NA,NA,NA,NA,NA,NA,"Cherskiy",NA,NA,NA,NA,NA,NA,NA,NA,"pre-burn",566.313102191856,0.675896504291899,0.244509187099655
"Gonzo",1,"25",NA,NA,NA,NA,545,NA,NA,1931,1931,NA,NA,NA,302.133942065047,109.298574708466,NA,NA,NA,NA,NA,NA,NA,NA,NA,NA,NA,NA,NA,NA,NA,"Cherskiy",NA,NA,NA,NA,NA,NA,NA,NA,"pre-burn",447.012138909606,0.675896504291899,0.244509187099655
"Gonzo",1,"50",NA,NA,NA,NA,1790,NA,NA,6345,6345,NA,NA,NA,1188.13449782279,429.81402978561,NA,NA,NA,NA,NA,NA,NA,NA,NA,NA,NA,NA,NA,NA,NA,"Cherskiy",NA,NA,NA,NA,NA,NA,NA,NA,"pre-burn",1757.86454032269,0.675896504291899,0.244509187099655
"Gonzo",1,"75",NA,NA,NA,NA,2412,NA,NA,8552,8552,NA,NA,NA,1114.2962745365,403.102656316489,NA,NA,NA,NA,NA,NA,NA,NA,NA,NA,NA,NA,NA,NA,NA,"Cherskiy",NA,NA,NA,NA,NA,NA,NA,NA,"pre-burn",1648.61967396013,0.675896504291899,0.244509187099655
"Gonzo",2,"100",NA,NA,NA,NA,311,NA,NA,1103,1103,NA,NA,NA,1296.32183921065,468.951381035755,NA,NA,NA,NA,NA,NA,NA,NA,NA,NA,NA,NA,NA,NA,NA,"Cherskiy",NA,NA,NA,NA,NA,NA,NA,NA,"pre-burn",1917.92949213243,0.675896504291899,0.244509187099655
"Gonzo",2,"150",NA,NA,NA,NA,140,NA,NA,497,497,NA,NA,NA,761.27393032613,275.394929078985,NA,NA,NA,NA,NA,NA,NA,NA,NA,NA,NA,NA,NA,NA,NA,"Cherskiy",NA,NA,NA,NA,NA,NA,NA,NA,"pre-burn",1126.31730670612,0.675896504291899,0.244509187099655
"Gonzo",2,"200",NA,NA,NA,NA,196,NA,NA,695,695,NA,NA,NA,1197.97596654994,433.374233904231,NA,NA,NA,NA,NA,NA,NA,NA,NA,NA,NA,NA,NA,NA,NA,"Cherskiy",NA,NA,NA,NA,NA,NA,NA,NA,"pre-burn",1772.42515524621,0.675896504291899,0.244509187099655
"Gonzo",2,"25",NA,NA,NA,NA,1089,NA,NA,3862,3862,NA,NA,NA,1938.46583951592,701.250418711727,NA,NA,NA,NA,NA,NA,NA,NA,NA,NA,NA,NA,NA,NA,NA,"Cherskiy",NA,NA,NA,NA,NA,NA,NA,NA,"pre-burn",2867.9921070856,0.675896504291899,0.244509187099655
"Gonzo",2,"50",NA,NA,NA,NA,778,NA,NA,2759,2759,NA,NA,NA,3191.86988000408,1154.67605577469,NA,NA,NA,NA,NA,NA,NA,NA,NA,NA,NA,NA,NA,NA,NA,"Cherskiy",NA,NA,NA,NA,NA,NA,NA,NA,"pre-burn",4722.42400979427,0.675896504291899,0.244509187099655
"Gonzo",2,"75",NA,NA,NA,NA,545,NA,NA,1931,1931,NA,NA,NA,1556.46051389637,563.057942434861,NA,NA,NA,NA,NA,NA,NA,NA,NA,NA,NA,NA,NA,NA,NA,"Cherskiy",NA,NA,NA,NA,NA,NA,NA,NA,"pre-burn",2302.80894192076,0.675896504291899,0.244509187099655
"Gonzo",3,"100",NA,NA,NA,NA,364,NA,NA,1291,1291,NA,NA,NA,660.195992485883,238.829442709263,NA,NA,NA,NA,NA,NA,NA,NA,NA,NA,NA,NA,NA,NA,NA,"Cherskiy",NA,NA,NA,NA,NA,NA,NA,NA,"pre-burn",976.77083443054,0.675896504291899,0.244509187099655
"Gonzo",3,"150",NA,NA,NA,NA,308,NA,NA,1092,1092,NA,NA,NA,810.740473011162,293.289716318962,NA,NA,NA,NA,NA,NA,NA,NA,NA,NA,NA,NA,NA,NA,NA,"Cherskiy",NA,NA,NA,NA,NA,NA,NA,NA,"pre-burn",1199.50387058228,0.675896504291899,0.244509187099655
"Gonzo",3,"200",NA,NA,NA,NA,196,NA,NA,695,695,NA,NA,NA,861.46011474964,311.637818865303,NA,NA,NA,NA,NA,NA,NA,NA,NA,NA,NA,NA,NA,NA,NA,"Cherskiy",NA,NA,NA,NA,NA,NA,NA,NA,"pre-burn",1274.5444151278,0.675896504291899,0.244509187099655
"Gonzo",3,"25",NA,NA,NA,NA,420,NA,NA,1490,1490,NA,NA,NA,1006.95915173741,364.272876202864,NA,NA,NA,NA,NA,NA,NA,NA,NA,NA,NA,NA,NA,NA,NA,"Cherskiy",NA,NA,NA,NA,NA,NA,NA,NA,"pre-burn",1489.81263454284,0.675896504291899,0.244509187099655
"Gonzo",3,"50",NA,NA,NA,NA,308,NA,NA,1092,1092,NA,NA,NA,954.149827616924,345.168819842181,NA,NA,NA,NA,NA,NA,NA,NA,NA,NA,NA,NA,NA,NA,NA,"Cherskiy",NA,NA,NA,NA,NA,NA,NA,NA,"pre-burn",1411.68037052734,0.675896504291899,0.244509187099655
"Gonzo",3,"75",NA,NA,NA,NA,252,NA,NA,894,894,NA,NA,NA,1123.76535273204,406.528146162158,NA,NA,NA,NA,NA,NA,NA,NA,NA,NA,NA,NA,NA,NA,NA,"Cherskiy",NA,NA,NA,NA,NA,NA,NA,NA,"pre-burn",1662.62933096444,0.675896504291899,0.244509187099655
"HR",1,"100",NA,NA,NA,NA,56,NA,NA,199,199,NA,NA,NA,26.787512162507,1.15829018743656,NA,NA,NA,NA,NA,NA,NA,NA,NA,NA,NA,NA,NA,NA,NA,"Cherskiy",NA,NA,NA,NA,NA,NA,NA,NA,"pre-burn",27.9863850477511,0.957162281473704,0.0413876313593289
"HR",1,"150",NA,NA,NA,NA,42,NA,NA,149,149,NA,NA,NA,8.11398726919106,0.350848252643764,NA,NA,NA,NA,NA,NA,NA,NA,NA,NA,NA,NA,NA,NA,NA,"Cherskiy",NA,NA,NA,NA,NA,NA,NA,NA,"pre-burn",8.4771280965003,0.957162281473704,0.0413876313593289
"HR",1,"200",NA,NA,NA,NA,7,NA,NA,25,25,NA,NA,NA,0,0,NA,NA,NA,NA,NA,NA,NA,NA,NA,NA,NA,NA,NA,NA,NA,"Cherskiy",NA,NA,NA,NA,NA,NA,NA,NA,"pre-burn",0,0.957162281473704,0.0413876313593289
"HR",1,"25",NA,NA,NA,NA,77,NA,NA,273,273,NA,NA,NA,117.375631408819,5.07531424643808,NA,NA,NA,NA,NA,NA,NA,NA,NA,NA,NA,NA,NA,NA,NA,"Cherskiy",NA,NA,NA,NA,NA,NA,NA,NA,"pre-burn",122.628768058119,0.957162281473704,0.0413876313593289
"HR",1,"50",NA,NA,NA,NA,77,NA,NA,273,273,NA,NA,NA,125.657974866004,5.43344220909613,NA,NA,NA,NA,NA,NA,NA,NA,NA,NA,NA,NA,NA,NA,NA,"Cherskiy",NA,NA,NA,NA,NA,NA,NA,NA,"pre-burn",131.281787109844,0.957162281473704,0.0413876313593289
"HR",1,"75",NA,NA,NA,NA,49,NA,NA,174,174,NA,NA,NA,154.844699615942,6.69547418415137,NA,NA,NA,NA,NA,NA,NA,NA,NA,NA,NA,NA,NA,NA,NA,"Cherskiy",NA,NA,NA,NA,NA,NA,NA,NA,"pre-burn",161.774761305401,0.957162281473704,0.0413876313593289
"HR",2,"100",NA,NA,NA,NA,35,NA,NA,124,124,NA,NA,NA,4.60651535401307,0.199185407754933,NA,NA,NA,NA,NA,NA,NA,NA,NA,NA,NA,NA,NA,NA,NA,"Cherskiy",NA,NA,NA,NA,NA,NA,NA,NA,"pre-burn",4.81267956664632,0.957162281473704,0.0413876313593289
"HR",2,"150",NA,NA,NA,NA,28,NA,NA,99,99,NA,NA,NA,25.1317851763714,1.08669666619127,NA,NA,NA,NA,NA,NA,NA,NA,NA,NA,NA,NA,NA,NA,NA,"Cherskiy",NA,NA,NA,NA,NA,NA,NA,NA,"pre-burn",26.2565561376666,0.957162281473704,0.0413876313593289
"HR",2,"200",NA,NA,NA,NA,42,NA,NA,149,149,NA,NA,NA,50.2724056295886,2.17377536914698,NA,NA,NA,NA,NA,NA,NA,NA,NA,NA,NA,NA,NA,NA,NA,"Cherskiy",NA,NA,NA,NA,NA,NA,NA,NA,"pre-burn",52.5223429742616,0.957162281473704,0.0413876313593289
"HR",2,"25",NA,NA,NA,NA,70,NA,NA,248,248,NA,NA,NA,100.339438787958,4.33867044673348,NA,NA,NA,NA,NA,NA,NA,NA,NA,NA,NA,NA,NA,NA,NA,"Cherskiy",NA,NA,NA,NA,NA,NA,NA,NA,"pre-burn",104.830122049387,0.957162281473704,0.0413876313593289
"HR",2,"50",NA,NA,NA,NA,35,NA,NA,124,124,NA,NA,NA,28.7449120773267,1.24292802541384,NA,NA,NA,NA,NA,NA,NA,NA,NA,NA,NA,NA,NA,NA,NA,"Cherskiy",NA,NA,NA,NA,NA,NA,NA,NA,"pre-burn",30.0313882334241,0.957162281473704,0.0413876313593289
"HR",2,"75",NA,NA,NA,NA,84,NA,NA,298,298,NA,NA,NA,84.0112456112145,3.63264049440137,NA,NA,NA,NA,NA,NA,NA,NA,NA,NA,NA,NA,NA,NA,NA,"Cherskiy",NA,NA,NA,NA,NA,NA,NA,NA,"pre-burn",87.7711619411766,0.957162281473704,0.0413876313593289
"Shark",1,"100",NA,NA,NA,NA,700,NA,NA,2483,2483,NA,NA,NA,1581.28368335653,91.8517145059049,NA,NA,NA,NA,NA,NA,NA,NA,NA,NA,NA,NA,NA,NA,NA,"Cherskiy",NA,NA,NA,NA,NA,NA,NA,NA,"pre-burn",1680.92904376394,0.940720067407318,0.0546434216522491
"Shark",1,"25",NA,NA,NA,NA,1289,NA,NA,4568,4568,NA,NA,NA,903.881719562598,52.5035997817546,NA,NA,NA,NA,NA,NA,NA,NA,NA,NA,NA,NA,NA,NA,NA,"Cherskiy",NA,NA,NA,NA,NA,NA,NA,NA,"pre-burn",960.840265748504,0.940720067407318,0.0546434216522491
"Shark",1,"50",NA,NA,NA,NA,1457,NA,NA,5164,5164,NA,NA,NA,1557.89654013953,90.4932301147191,NA,NA,NA,NA,NA,NA,NA,NA,NA,NA,NA,NA,NA,NA,NA,"Cherskiy",NA,NA,NA,NA,NA,NA,NA,NA,"pre-burn",1656.06814834214,0.940720067407318,0.0546434216522491
"Shark",1,"75",NA,NA,NA,NA,812,NA,NA,2880,2880,NA,NA,NA,1176.9948853923,68.3678705635441,NA,NA,NA,NA,NA,NA,NA,NA,NA,NA,NA,NA,NA,NA,NA,"Cherskiy",NA,NA,NA,NA,NA,NA,NA,NA,"pre-burn",1251.16379055904,0.940720067407318,0.0546434216522491
"Shark",2,"25",NA,NA,NA,NA,1176,NA,NA,4171,4171,NA,NA,NA,1287.95505836585,74.8131923212812,NA,NA,NA,NA,NA,NA,NA,NA,NA,NA,NA,NA,NA,NA,NA,"Cherskiy",NA,NA,NA,NA,NA,NA,NA,NA,"pre-burn",1369.11617280105,0.940720067407318,0.0546434216522491
"Shark",2,"50",NA,NA,NA,NA,1790,NA,NA,6345,6345,NA,NA,NA,2299.04120501339,133.543954587552,NA,NA,NA,NA,NA,NA,NA,NA,NA,NA,NA,NA,NA,NA,NA,"Cherskiy",NA,NA,NA,NA,NA,NA,NA,NA,"pre-burn",2443.91640474906,0.940720067407318,0.0546434216522491
"Shark",3,"100",NA,NA,NA,NA,105,NA,NA,372,372,NA,NA,NA,827.225819061458,48.0509035564459,NA,NA,NA,NA,NA,NA,NA,NA,NA,NA,NA,NA,NA,NA,NA,"Cherskiy",NA,NA,NA,NA,NA,NA,NA,NA,"pre-burn",879.353856393584,0.940720067407318,0.0546434216522491
"Shark",3,"150",NA,NA,NA,NA,700,NA,NA,2483,2483,NA,NA,NA,3275.38790618076,190.256813512428,NA,NA,NA,NA,NA,NA,NA,NA,NA,NA,NA,NA,NA,NA,NA,"Cherskiy",NA,NA,NA,NA,NA,NA,NA,NA,"pre-burn",3481.7880681635,0.940720067407318,0.0546434216522491
"Shark",3,"200",NA,NA,NA,NA,1089,NA,NA,3862,3862,NA,NA,NA,1727.17256148898,100.325933094795,NA,NA,NA,NA,NA,NA,NA,NA,NA,NA,NA,NA,NA,NA,NA,"Cherskiy",NA,NA,NA,NA,NA,NA,NA,NA,"pre-burn",1836.01118050897,0.940720067407318,0.0546434216522491
"Shark",3,"25",NA,NA,NA,NA,700,NA,NA,2483,2483,NA,NA,NA,2653.98899773228,154.161737256448,NA,NA,NA,NA,NA,NA,NA,NA,NA,NA,NA,NA,NA,NA,NA,"Cherskiy",NA,NA,NA,NA,NA,NA,NA,NA,"pre-burn",2821.23140526473,0.940720067407318,0.0546434216522491
"Shark",3,"300",NA,NA,NA,NA,1401,NA,NA,4966,4966,NA,NA,NA,2325.99832402101,135.109807460791,NA,NA,NA,NA,NA,NA,NA,NA,NA,NA,NA,NA,NA,NA,NA,"Cherskiy",NA,NA,NA,NA,NA,NA,NA,NA,"pre-burn",2472.57223972228,0.940720067407318,0.0546434216522491
"Shark",3,"400",NA,NA,NA,NA,1556,NA,NA,5517,5517,NA,NA,NA,3165.70390186548,183.885620312706,NA,NA,NA,NA,NA,NA,NA,NA,NA,NA,NA,NA,NA,NA,NA,"Cherskiy",NA,NA,NA,NA,NA,NA,NA,NA,"pre-burn",3365.19227296846,0.940720067407318,0.0546434216522491
"Shark",3,"50",NA,NA,NA,NA,1712,NA,NA,6069,6069,NA,NA,NA,3881.2994166192,225.452276324324,NA,NA,NA,NA,NA,NA,NA,NA,NA,NA,NA,NA,NA,NA,NA,"Cherskiy",NA,NA,NA,NA,NA,NA,NA,NA,"pre-burn",4125.8813871339,0.940720067407318,0.0546434216522491
"Shark",3,"75",NA,NA,NA,NA,778,NA,NA,2759,2759,NA,NA,NA,2439.3240467374,141.692536441479,NA,NA,NA,NA,NA,NA,NA,NA,NA,NA,NA,NA,NA,NA,NA,"Cherskiy",NA,NA,NA,NA,NA,NA,NA,NA,"pre-burn",2593.03923797472,0.940720067407318,0.0546434216522491
